INSERT INTO Docenti (Codice_docente, Nome_docente, Cognome_docente, Settore_scientifico, Email_istituzionale)
VALUES
(10284, 'Luca', 'Ferrari', 'SECS-S/02', 'Luca.Ferrari@unisalento.it'), 
(11953, 'Alessandro', 'Barbieri', 'M-PSI/03', 'Alessandro.Barbieri@unisalento.it'), 
(13842, 'Roberto', 'Caruso', 'ING-INF/03', 'Roberto.Caruso@unisalento.it'), 
(10472, 'Valentina', 'Gallo', 'ING-INF/05', 'Valentina.Gallo@unisalento.it'), 
(19582, 'Sara', 'Costa', 'INFO-01/A', 'Sara.Costa@unisalento.it'), 
(11043, 'Alice', 'Fontana', 'PSIC-03/A', 'Alice.Fontana@unisalento.it'), 
(14759, 'Greta', 'Bruno', 'GIUR-17/A', 'Greta.Bruno@unisalento.it'), 
(18392, 'Riccardo', 'Vian', 'PSIC-01/B', 'Riccardo.Vian@unisalento.it'), 
(12948, 'Filippo', 'Piras', 'PSIC-02/A', 'Filippo.Piras@unisalento.it'), 
(17593, 'Stefano', 'Monti', 'PSIC-01/A', 'Stefano.Monti@unisalento.it'), 
(15039, 'Francesca', 'Lombardi', 'STAT-01/A', 'Francesca.Lombardi@unisalento.it'), 
(19284, 'Beatrice', 'Bianchi', 'PSIC-04/B', 'Beatrice.Bianchi@unisalento.it'), 
(16482, 'Elena', 'Giordano', 'SDEA-01/A', 'Elena.Giordano@unisalento.it'), 
(11849, 'Tommaso', 'Novelli', 'PHIL-01/A', 'Tommaso.Novelli@unisalento.it'), 
(13958, 'Matteo', 'Zanella', 'GEOG-01/B', 'Matteo.Zanella@unisalento.it'), 
(10629, 'Claudio', 'Marini', 'STEC-01/A', 'Claudio.Marini@unisalento.it'), 
(15839, 'Fabio', 'Romano', 'GIUR-15/A', 'Fabio.Romano@unisalento.it'), 
(12749, 'Edoardo', 'Gatti', 'IUS/0', 'Edoardo.Gatti@unisalento.it'), 
(18492, 'Lorenzo', 'Rossi', 'GIUR-05/A', 'Lorenzo.Rossi@unisalento.it'), 
(14930, 'Aurora', 'Ricci', 'GIUR-01/A', 'Aurora.Ricci@unisalento.it'), 
(16938, 'Michele', 'Moretti', 'GIUR-14/A', 'Michele.Moretti@unisalento.it'), 
(11284, 'Giovanni', 'Palumbo', 'GIUR-06/A', 'Giovanni.Palumbo@unisalento.it'), 
(17392, 'Paolo', 'Russo', 'GIUR-10/A', 'Paolo.Russo@unisalento.it'), 
(13049, 'Anna', 'Longhi', 'GIUR-09/A', 'Anna.Longhi@unisalento.it'), 
(19483, 'Giulia', 'Villa', 'GIUR-02/A', 'Giulia.Villa@unisalento.it'), 
(15284, 'Ginevra', 'Esposito', 'BIO/08', 'Ginevra.Esposito@unisalento.it'), 
(10938, 'Laura', 'Conti', 'L-ANT/08', 'Laura.Conti@unisalento.it'), 
(16839, 'Chiara', 'Ricci', 'L-OR/02', 'Chiara.Ricci@unisalento.it'), 
(12495, 'Giorgio', 'Rizzo', 'L-ANT/06', 'Giorgio.Rizzo@unisalento.it'), 
(18593, 'Marco', 'Alessi', 'FIS/07', 'Marco.Alessi@unisalento.it'), 
(14032, 'Silvia', 'Marchesi', 'MAT/05', 'Silvia.Marchesi@unisalento.it'), 
(17948, 'Daniela', 'Leone', 'FIS/01', 'Daniela.Leone@unisalento.it'), 
(11593, 'Giorgio', 'Serra', 'CHIM/07', 'Giorgio.Serra@unisalento.it'), 
(13482, 'Davide', 'Greco', 'MAT/07', 'Davide.Greco@unisalento.it'), 
(19043, 'Simone', 'Mariani', 'ICAR/06', 'Simone.Mariani@unisalento.it'), 
(15739, 'Antonio', 'Amato', 'ICAR/07', 'Antonio.Amato@unisalento.it'), 
(12394, 'Sofia', 'Rinaldi', 'ICAR/01', 'Sofia.Rinaldi@unisalento.it'), 
(16049, 'Tommaso', 'Parisi', 'ICAR/08', 'Tommaso.Parisi@unisalento.it'), 
(18942, 'Gaia', 'Conte', '', 'Gaia.Conte@unisalento.it');

INSERT INTO Insegnamento (Codice_insegnamento, Nome_insegnamento, CFU, Semestre, Codice_docente, Codice_corso)
VALUES
('STT-14', 'Statistica', 14, 1, 10284, 'LM-DATA'), 
('MDL-8', 'Modelli multidimensionali', 8, 1, 11953, 'LM-DATA'), 
('MCH-8', 'Machine learning', 8, 1, 13842, 'LM-DATA'), 
('BG-8', 'Big data analysis', 8, 1, 10472, 'LM-DATA'), 
('CDN-6', 'Coding per la Data science', 6, 2, 19582, 'LM-DATA'), 
('PSC-6', 'Psicologia delle Attitudini', 6, 2, 11043, 'LM-DATA'), 
('DT-8', 'Data Mining', 8, 2, 10472, 'LM-DATA'), 
('PRV-12', 'Privacy e sicurezza per la data science', 12, 2, 14759, 'LM-DATA'), 
('PSC-14', 'Psicobiolgogia', 14, 1, 18392, 'L-24'), 
('PSC-62', 'Psicologia dello sviluppo', 6, 1, 12948, 'L-24'), 
('PSC-12', 'Psicologia generale', 12, 2, 17593, 'L-24'), 
('STT-6', 'Statistica', 6, 2, 15039, 'L-24'), 
('STR-8', 'Storia della psicologia', 8, 2, 17593, 'L-24'), 
('PSC-63', 'Psicologia clinica', 6, 1, 19284, 'L-24'), 
('SCN-8', 'Scienze cognitive', 8, 1, 17593, 'L-24'), 
('NTR-6', 'Antropologia dei processi sociali', 6, 2, 16482, 'L-24'), 
('FLS-8', 'Filosofia della mente', 8, 1, 11849, 'L-24'), 
('GGR-6', 'Geografia umana', 6, 1, 13958, 'L-24'), 
('CNM-6', 'Economia e sviluppo umano', 6, 2, 10629, 'L-24'), 
('DRT-6', 'Diritto romano', 6, 1, 15839, 'LMG/01'), 
('DRT-12', 'Diritto pubblico', 12, 1, 12749, 'LMG/01'), 
('DRT-8', 'Diritto costituzionale', 8, 2, 18492, 'LMG/01'), 
('DRT-82', 'Diritto privato', 8, 1, 14930, 'LMG/01'), 
('FLS-6', 'Filosofia del diritto', 6, 2, 14759, 'LMG/01'), 
('DRT-14', 'Diritto penale', 14, 2, 16938, 'LMG/01'), 
('DRT-83', 'Diritto amministrativo', 8, 1, 11284, 'LMG/01'), 
('DRT-62', 'Diritto dell unione europea', 6, 2, 17392, 'LMG/01'), 
('DRT-63', 'Diritto internazionale', 6, 2, 13049, 'LMG/01'), 
('DRT-13', 'Diritto commerciale', 12, 1, 19483, 'LMG/01'), 
('NTR-8', 'Antropolgia fisica', 8, 1, 15284, 'LM-2'), 
('RCH-6', 'Archeologia medievale', 6, 1, 10938, 'LM-2'), 
('GTT-12', 'Egittologia', 12, 2, 16839, 'LM-2'), 
('RCH-62', 'Archeologia della puglia', 6, 2, 12495, 'LM-2'), 
('RCH-8', 'Archeometria', 8, 1, 18593, 'LM-2'), 
('SSR-6', 'Assirologia', 6, 2, 12495, 'LM-2'), 
('NLS-8', 'Analisi matematica 1', 8, 1, 14032, 'L-7'), 
('FSC-12', 'Fisica generale', 12, 1, 17948, 'L-7'), 
('CHM-6', 'Chimica', 6, 1, 11593, 'L-7'), 
('NLS-12', 'Analisi matematica 2', 12, 2, 14032, 'L-7'), 
('MCC-6', 'Meccanica razionale', 6, 1, 13482, 'L-7'), 
('TPG-6', 'Topografia', 6, 1, 19043, 'L-7'), 
('GTC-12', 'Geotecnica', 12, 2, 15739, 'L-7'), 
('DRL-14', 'Idraulica', 14, 1, 12394, 'L-7'), 
('SCN-14', 'Scienze delle costruzioni', 14, 2, 16049, 'L-7');

INSERT INTO Studenti (Nome_studente, Cognome_studente, Matricola, Data_di_nascita)
VALUES
('Leonardo', 'Rossi', '10000001', '2001-06-20'),
('Sofia', 'Ferrari', '10000002', '1999-04-24'),
('Francesco', 'Russo', '10000003', '2000-04-15'),
('Aurora', 'Bianchi', '10000004', '1998-03-16'),
('Alessandro', 'Esposito', '10000005', '2000-09-12'),
('Giulia', 'Colombo', '10000006', '1997-04-30'),
('Tommaso', 'Romano', '10000007', '2005-05-28'),
('Ginevra', 'Ricci', '10000008', '2003-06-10'),
('Mattia', 'Marino', '10000009', '1999-08-21'),
('Alice', 'Greco', '10000010', '1996-08-26'),
('Lorenzo', 'Bruno', '10000011', '2001-08-10'),
('Emma', 'Gallo', '10000012', '1997-05-19'),
('Gabriele', 'Conti', '10000013', '2001-06-27'),
('Giorgia', 'Costa', '10000014', '1995-07-11'),
('Riccardo', 'Giordano', '10000015', '2000-06-24'),
('Beatrice', 'Mancini', '10000016', '1997-08-28'),
('Edoardo', 'Rizzo', '10000017', '1996-05-15'),
('Greta', 'Lombardi', '10000018', '1999-02-28'),
('Andrea', 'Moretti', '10000019', '1997-08-29'),
('Ludovica', 'Barbieri', '10000020', '1996-09-28'),
('Matteo', 'Fontana', '10000021', '2002-04-29'),
('Vittoria', 'Santoro', '10000022', '2001-03-11'),
('Niccolò', 'Mariani', '10000023', '2004-06-14'),
('Chiara', 'Rinaldi', '10000024', '2002-07-19'),
('Diego', 'Caruso', '10000025', '2003-05-16'),
('Matilde', 'Ferrara', '10000026', '1996-04-24'),
('Federico', 'Galli', '10000027', '2001-01-19'),
('Camilla', 'Martini', '10000028', '2005-06-27'),
('Giuseppe', 'Leone', '10000029', '1996-02-18'),
('Anna', 'Longo', '10000030', '1996-07-10'),
('Antonio', 'Gentili', '10000031', '1999-06-13'),
('Francesca', 'Martinelli', '10000032', '2002-03-26'),
('Giovanni', 'Vitale', '10000033', '2005-04-14'),
('Elena', 'Marini', '10000034', '2004-05-15'),
('Filippo', 'Silvestri', '10000035', '1997-04-22'),
('Sara', 'Conte', '10000036', '2002-02-25'),
('Samuele', 'Serra', '10000037', '1998-01-25'),
('Gaia', 'Farina', '10000038', '1996-05-20'),
('Christian', 'Cordaro', '10000039', '1997-06-20'),
('Martina', 'Gatti', '10000040', '1999-01-13'),
('Pietro', 'Monti', '10000041', '1999-08-21'),
('Gaia', 'Pagano', '10000042', '1997-07-11'),
('Marco', 'Allocca', '10000043', '2004-04-12'),
('Noemi', 'Salvatore', '10000044', '2002-02-22'),
('Davide', 'Albanese', '10000045', '1995-01-27'),
('Nicole', 'Parisi', '10000046', '2001-03-15'),
('Alessio', 'Calò', '10000047', '1996-02-17'),
('Bianca', 'Angelis', '10000048', '1999-03-12'),
('Simone', 'Galiano', '10000049', '1998-03-23'),
('Arianna', 'Riva', '10000050', '2005-07-14'),
('Luca', 'Stabile', '10000051', '2005-03-28'),
('Rebecca', 'Villa', '10000052', '1995-02-16'),
('Enea', 'Piras', '10000053', '1998-06-19'),
('Viola', 'Conte', '10000054', '1997-08-27'),
('Jacopo', 'Ferri', '10000055', '1998-01-18'),
('Mia', 'Russo', '10000056', '1997-05-11'),
('Michele', 'Morelli', '10000057', '1996-02-26'),
('Adele', 'Ferretti', '10000058', '1995-06-20'),
('Gabriel', 'Amato', '10000059', '1996-02-12'),
('Marta', 'Palumbo', '10000060', '1999-02-29'),
('Elia', 'Sanna', '10000061', '2003-04-23'),
('Serena', 'Farina', '10000062', '1996-04-21'),
('Vincenzo', 'Romeo', '10000063', '1997-08-16'),
('Elena', 'Bella', '10000064', '2004-01-21'),
('Salvatore', 'Sanna', '10000065', '2004-07-15'),
('Chiara', 'Costantini', '10000066', '2003-04-18'),
('Manuel', 'Mazza', '10000067', '2002-06-12'),
('Alessia', 'Pellegrini', '10000068', '2005-05-28'),
('Daniele', 'Rossi', '10000069', '2005-07-25'),
('Claudia', 'Soriano', '10000070', '2001-04-28'),
('Emanuele', 'Cavallo', '10000071', '2002-09-20'),
('Roberta', 'Carbone', '10000072', '2002-02-13'),
('Salvatore', 'Rizzo', '10000073', '1996-06-27'),
('Elisa', 'Ferraro', '10000074', '1995-07-26'),
('Damiano', 'Gatti', '10000075', '1995-06-14'),
('Angelica', 'Pellegrino', '10000076', '1998-08-28'),
('Cristian', 'Palumbo', '10000077', '2005-03-19'),
('Silvia', 'Marini', '10000078', '1997-03-17'),
('Nicola', 'Colombo', '10000079', '2004-06-12'),
('Eleonora', 'Bellini', '10000080', '2004-03-22'),
('Giulio', 'Castelli', '10000081', '2001-07-15'),
('Margherita', 'Rosa', '10000082', '1997-07-11'),
('Kevin', 'D-Angelo', '10000083', '2003-06-13'),
('Valentina', 'Santis', '10000084', '1999-03-22'),
('Luigi', 'Moretti', '10000085', '1995-08-15'),
('Irene', 'Gentile', '10000086', '2000-09-10'),
('Domenico', 'Caputo', '10000087', '1997-07-22'),
('Laura', 'Romano', '10000088', '1997-03-16'),
('Raffaele', 'Lombardi', '10000089', '2004-03-24'),
('Barbara', 'Fiore', '10000090', '1997-04-11'),
('Sergio', 'Ferrara', '10000091', '2002-07-21'),
('Maria', 'Parisi', '10000092', '2004-01-10'),
('Valerio', 'Bellini', '10000093', '2002-01-29'),
('Simona', 'Basile', '10000094', '1997-09-16'),
('Roberto', 'Messina', '10000095', '2003-05-10'),
('Francesca', 'Bruno', '10000096', '2001-07-29'),
('Claudio', 'Orlando', '10000097', '2001-07-29'),
('Lucia', 'Luca', '10000098', '1998-08-21'),
('Stefano', 'Coppola', '10000099', '2000-05-20'),
('Federica', 'Marchetti', '10000100', '1997-04-18'),
('Stefano', 'Fabbri', '10000101', '1996-09-27'),
('Angela', 'Guerrieri', '10000102', '2002-05-12'),
('Alberto', 'Barone', '10000103', '2004-05-22'),
('Antonella', 'Bianco', '10000104', '2005-08-15'),
('Angelo', 'Serra', '10000105', '2000-04-22'),
('Caterina', 'Martino', '10000106', '1998-04-30'),
('Alex', 'Vitali', '10000107', '2000-03-29'),
('Veronica', 'Rossi', '10000108', '2002-09-18'),
('Danilo', 'Sorace', '10000109', '1999-04-10'),
('Rosa', 'Esposito', '10000110', '2001-09-27'),
('Fabio', 'Romano', '10000111', '1998-03-26'),
('Teresa', 'Guidi', '10000112', '2004-06-21'),
('Fabrizio', 'Bernardi', '10000113', '1995-05-30'),
('Sonia', 'Ranieri', '10000114', '2003-06-27'),
('Giacomo', 'Milani', '10000115', '2004-09-13'),
('Daniela', 'Barbera', '10000116', '2003-08-21'),
('Giorgio', 'Amato', '10000117', '1998-07-18'),
('Deborah', 'Biondi', '10000118', '1998-01-11'),
('Mario', 'Rossi', '10000119', '1999-03-14'),
('Giusy', 'Meo', '10000120', '2003-07-16'),
('Paolo', 'Sanna', '10000121', '1995-04-16'),
('Carmela', 'Costa', '10000122', '2001-02-17'),
('Massimo', 'Pagano', '10000123', '2001-03-26'),
('Anna', 'Ferri', '10000124', '2003-04-18'),
('Gianluca', 'Rossetti', '10000125', '2003-04-30'),
('Cristina', 'Palumbo', '10000126', '1995-09-21'),
('Cristiano', 'Fiorito', '10000127', '1995-02-28'),
('Michela', 'Galli', '10000128', '1999-09-29'),
('Rosario', 'Villa', '10000129', '1996-03-17'),
('Giada', 'Riva', '10000130', '1999-08-22'),
('Ivan', 'Longo', '10000131', '2004-06-24'),
('Monica', 'Gatti', '10000132', '1999-02-14'),
('Gianmarco', 'Caputo', '10000133', '1999-04-25'),
('Paola', 'Silvestri', '10000134', '2003-05-22'),
('Thomas', 'Benedetti', '10000135', '2002-08-29'),
('Cinzia', 'Morelli', '10000136', '2000-02-13'),
('Paolo', 'Angelis', '10000137', '2003-09-12'),
('Katia', 'Rosa', '10000138', '1999-06-21'),
('Alessandro', 'Marini', '10000139', '1999-05-30'),
('Sabrina', 'D-Amico', '10000140', '1999-06-18'),
('Walter', 'Bellini', '10000141', '2002-06-26'),
('Patrizia', 'Castelli', '10000142', '1997-08-11'),
('Davide', 'Ricci', '10000143', '2001-09-21'),
('Tania', 'Pagano', '10000144', '1998-06-20'),
('Tiziano', 'Santoro', '10000145', '2002-06-16'),
('Nadia', 'Martinelli', '10000146', '1997-06-29'),
('Rosario', 'Ferretti', '10000147', '1998-01-10'),
('Erica', 'Ferrero', '10000148', '1998-04-21'),
('Nicola', 'Brunetti', '10000149', '1999-01-10'),
('Rita', 'Leone', '10000150', '1999-09-15'),
('Bruno', 'Gentile', '10000151', '2003-06-29'),
('Marina', 'Marino', '10000152', '2003-08-17'),
('Mirko', 'Barbera', '10000153', '1995-07-13'),
('Livia', 'Greco', '10000154', '1996-08-20'),
('Marcello', 'Caruso', '10000155', '2002-07-15'),
('Rosanna', 'Giordano', '10000156', '2002-06-28'),
('Renato', 'Moretti', '10000157', '2004-06-30'),
('Luisa', 'Mancini', '10000158', '1997-06-21'),
('Arturo', 'Lombardi', '10000159', '2004-03-25'),
('Sandra', 'Coppola', '10000160', '1996-05-18'),
('Cesare', 'Rinaldi', '10000161', '2002-03-14'),
('Clara', 'Luca', '10000162', '1995-05-14'),
('Michele', 'Conte', '10000163', '1995-09-23'),
('Donatella', 'Barone', '10000164', '2000-03-23'),
('Pasquale', 'Russo', '10000165', '1996-03-30'),
('Loredana', 'Ferrara', '10000166', '1997-09-16'),
('Ciro', 'Rossi', '10000167', '2004-07-18'),
('Maria', 'Esposito', '10000168', '2005-06-29'),
('Gennaro', 'Colombo', '10000169', '1997-08-11'),
('Alessandra', 'Romano', '10000170', '2001-08-26'),
('Domenico', 'Bianchi', '10000171', '1999-06-24'),
('Antonietta', 'Ricci', '10000172', '2000-04-14'),
('Vincenzo', 'Marino', '10000173', '1995-05-19'),
('Giuseppina', 'Greco', '10000174', '1999-08-11'),
('Alfonso', 'Bruno', '10000175', '1997-09-23'),
('Vincenza', 'Gallo', '10000176', '1996-01-30'),
('Carmine', 'Conti', '10000177', '1996-02-30'),
('Assunta', 'Luca', '10000178', '1998-05-26'),
('Rocco', 'Costa', '10000179', '1997-08-15'),
('Filomena', 'Giordano', '10000180', '1997-07-15'),
('Claudio', 'Mancini', '10000181', '1998-07-18'),
('Giovanna', 'Rizzo', '10000182', '2005-03-29'),
('Luigi', 'Lombardi', '10000183', '1996-01-23'),
('Grazia', 'Moretti', '10000184', '2004-07-17'),
('Salvatore', 'Barbieri', '10000185', '2000-07-15'),
('Maria', 'Fontana', '10000186', '2001-02-30'),
('Luigi', 'Santoro', '10000187', '1999-06-18'),
('Francesca', 'Mariani', '10000188', '1995-09-22'),
('Angelo', 'Rinaldi', '10000189', '2001-06-17'),
('Anna', 'Caruso', '10000190', '2005-09-20'),
('Francesco', 'Ferrara', '10000191', '2002-09-22'),
('Giuseppina', 'Galli', '10000192', '1998-07-27'),
('Giovanni', 'Martini', '10000193', '2000-02-22'),
('Maria', 'Leone', '10000194', '2000-05-25'),
('Giuseppe', 'Longo', '10000195', '2001-05-29'),
('Rosa', 'Gentili', '10000196', '2001-08-19'),
('Antonio', 'Martinelli', '10000197', '2001-07-23'),
('Maria', 'Vitale', '10000198', '2003-04-11'),
('Vincenzo', 'Marini', '10000199', '1999-02-20'),
('Caterina', 'Silvestri', '10000200', '2002-01-20'),
('Domenico', 'Conte', '10000201', '1997-07-18'),
('Anna', 'Serra', '10000202', '2000-01-26'),
('Pasquale', 'Farina', '10000203', '2003-05-20'),
('Maria', 'Gatti', '10000204', '1997-01-29'),
('Carmine', 'Monti', '10000205', '1999-06-26'),
('Teresa', 'Pagano', '10000206', '2002-01-29'),
('Mario', 'Salvatore', '10000207', '2004-08-19'),
('Anna', 'Albanese', '10000208', '2004-05-24'),
('Ciro', 'Parisi', '10000209', '1995-05-19'),
('Maria', 'Riva', '10000210', '2002-07-16'),
('Raffaele', 'Villa', '10000211', '2003-03-27'),
('Lucia', 'Piras', '10000212', '2000-06-20'),
('Gennaro', 'Conte', '10000213', '2000-06-24'),
('Maria', 'Ferri', '10000214', '1997-01-30'),
('Rosario', 'Morelli', '10000215', '2005-01-27'),
('Maria', 'Ferretti', '10000216', '2003-02-10'),
('Gaetano', 'Amato', '10000217', '2000-08-20'),
('Maria', 'Palumbo', '10000218', '1995-05-16'),
('Alfonso', 'Sanna', '10000219', '2003-05-19'),
('Francesca', 'Farina', '10000220', '2004-02-30'),
('Nicola', 'Romeo', '10000221', '1999-05-11'),
('Maria', 'Costantini', '10000222', '2003-03-10'),
('Saverio', 'Mazza', '10000223', '2002-02-28'),
('Anna', 'Pellegrini', '10000224', '1998-06-25'),
('Vito', 'Cavallo', '10000225', '2000-04-19'),
('Maria', 'Carbone', '10000226', '2003-09-30'),
('Biagio', 'Ferraro', '10000227', '2002-03-13'),
('Maria', 'Pellegrino', '10000228', '1996-01-16'),
('Cosimo', 'Palumbo', '10000229', '2002-08-20'),
('Maria', 'Marini', '10000230', '1999-07-18'),
('Pietro', 'Colombo', '10000231', '1996-03-13'),
('Francesca', 'Bellini', '10000232', '1995-02-10'),
('Filippo', 'Castelli', '10000233', '1999-05-16'),
('Maria', 'Rosa', '10000234', '2004-04-18'),
('Rosario', 'D-Angelo', '10000235', '2003-05-14'),
('Maria', 'Santis', '10000236', '2003-05-12'),
('Salvatore', 'Moretti', '10000237', '2002-06-20'),
('Anna', 'Gentile', '10000238', '1999-07-12'),
('Orazio', 'Caputo', '10000239', '1996-09-22'),
('Maria', 'Romano', '10000240', '2002-03-28'),
('Sebastiano', 'Lombardi', '10000241', '1995-01-23'),
('Maria', 'Fiore', '10000242', '1999-01-20'),
('Carmelo', 'Ferrara', '10000243', '2001-09-12'),
('Maria', 'Parisi', '10000244', '2001-08-10'),
('Alfio', 'Bellini', '10000245', '1997-08-20'),
('Maria', 'Basile', '10000246', '2005-08-26'),
('Nunzio', 'Messina', '10000247', '2005-02-15'),
('Maria', 'Bruno', '10000248', '2003-01-24'),
('Santo', 'Orlando', '10000249', '1995-05-15'),
('Maria', 'Luca', '10000250', '2002-03-13'),
('Diego', 'Coppola', '10000251', '1996-06-15'),
('Maria', 'Marchetti', '10000252', '2002-04-19'),
('Fabrizio', 'Fabbri', '10000253', '2002-08-21'),
('Maria', 'Guerrieri', '10000254', '2000-06-17'),
('Gianluca', 'Barone', '10000255', '1999-08-22'),
('Maria', 'Bianco', '10000256', '1996-05-12'),
('Massimiliano', 'Serra', '10000257', '2001-04-26'),
('Maria', 'Martino', '10000258', '1998-09-25'),
('Giancarlo', 'Vitali', '10000259', '1999-08-24'),
('Maria', 'Rossi', '10000260', '2002-01-21'),
('Roberto', 'Esposito', '10000261', '2002-06-21'),
('Maria', 'Romano', '10000262', '2005-07-12'),
('Marco', 'Guidi', '10000263', '2001-06-12'),
('Maria', 'Bernardi', '10000264', '1996-01-13'),
('Stefano', 'Ranieri', '10000265', '2001-01-23'),
('Maria', 'Milani', '10000266', '2003-07-10'),
('Andrea', 'Barbera', '10000267', '2005-01-17'),
('Maria', 'Amato', '10000268', '2002-08-27'),
('Luca', 'Biondi', '10000269', '2000-02-24'),
('Maria', 'Meo', '10000270', '1996-08-15'),
('Daniele', 'Sanna', '10000271', '1998-03-27'),
('Maria', 'Costa', '10000272', '2004-03-14'),
('Davide', 'Pagano', '10000273', '2001-04-14'),
('Maria', 'Ferri', '10000274', '2002-01-12'),
('Simone', 'Rossetti', '10000275', '1999-03-21'),
('Maria', 'Palumbo', '10000276', '1997-08-11'),
('Alessio', 'Galli', '10000277', '2000-09-10'),
('Maria', 'Villa', '10000278', '1999-09-11'),
('Federico', 'Riva', '10000279', '2000-06-23'),
('Maria', 'Longo', '10000280', '2002-03-17'),
('Lorenzo', 'Gatti', '10000281', '2003-05-18'),
('Maria', 'Caputo', '10000282', '2003-05-16'),
('Mattia', 'Silvestri', '10000283', '2000-01-25'),
('Maria', 'Benedetti', '10000284', '1996-08-27'),
('Gabriele', 'Morelli', '10000285', '1995-05-10'),
('Maria', 'Angelis', '10000286', '1997-04-24'),
('Tommaso', 'Rosa', '10000287', '1999-06-14'),
('Maria', 'Marini', '10000288', '2004-05-17'),
('Riccardo', 'D-Amico', '10000289', '1996-09-23'),
('Maria', 'Bellini', '10000290', '2003-07-30'),
('Edoardo', 'Castelli', '10000291', '2002-02-29'),
('Maria', 'Ricci', '10000292', '2003-04-30'),
('Niccolò', 'Pagano', '10000293', '1997-06-18'),
('Maria', 'Santoro', '10000294', '1995-08-28'),
('Filippo', 'Martinelli', '10000295', '2003-05-12'),
('Maria', 'Ferretti', '10000296', '2000-06-21'),
('Samuele', 'Ferrero', '10000297', '2005-04-15'),
('Maria', 'Brunetti', '10000298', '2001-08-13'),
('Jacopo', 'Leone', '10000299', '1997-07-18'),
('Maria', 'Gentile', '10000300', '1996-01-27'),
('Christian', 'Marino', '10000301', '2003-01-30'),
('Maria', 'Barbera', '10000302', '2003-09-10'),
('Manuel', 'Greco', '10000303', '2003-05-15'),
('Maria', 'Caruso', '10000304', '2004-03-15'),
('Gabriel', 'Giordano', '10000305', '2003-06-25'),
('Maria', 'Moretti', '10000306', '2000-09-10'),
('Thomas', 'Mancini', '10000307', '2005-03-15'),
('Maria', 'Lombardi', '10000308', '1998-06-28'),
('Kevin', 'Coppola', '10000309', '1999-06-11'),
('Maria', 'Rinaldi', '10000310', '2002-05-11'),
('Alex', 'Luca', '10000311', '2004-04-28'),
('Maria', 'Conte', '10000312', '1996-05-27'),
('Alan', 'Barone', '10000313', '2000-07-17'),
('Elena', 'Russo', '10000314', '2000-05-13'),
('Alberto', 'Ferrara', '10000315', '2004-01-11'),
('Elisa', 'Rossi', '10000316', '1996-08-13'),
('Aldo', 'Esposito', '10000317', '1998-06-29'),
('Elvira', 'Colombo', '10000318', '1995-07-26'),
('Alfredo', 'Romano', '10000319', '2000-05-20'),
('Emilia', 'Bianchi', '10000320', '1997-02-30'),
('Alvise', 'Ricci', '10000321', '1999-07-30'),
('Emily', 'Marino', '10000322', '2005-05-25'),
('Amadeo', 'Greco', '10000323', '2004-06-16'),
('Amanda', 'Bruno', '10000324', '2003-07-13'),
('Amando', 'Gallo', '10000325', '1999-04-18'),
('Ambra', 'Conti', '10000326', '2002-03-11'),
('Ambrogio', 'Luca', '10000327', '2003-03-29'),
('Amelia', 'Costa', '10000328', '2000-09-25'),
('Amedeo', 'Giordano', '10000329', '2004-09-10'),
('Amira', 'Mancini', '10000330', '2005-02-24'),
('Amerigo', 'Rizzo', '10000331', '2005-06-24'),
('Anastasia', 'Lombardi', '10000332', '2002-03-11'),
('Amilcare', 'Moretti', '10000333', '1998-02-16'),
('Angelica', 'Barbieri', '10000334', '2004-05-19'),
('Amleto', 'Fontana', '10000335', '2003-09-30'),
('Anita', 'Santoro', '10000336', '1995-03-11'),
('Anastasio', 'Mariani', '10000337', '2002-04-20'),
('Anna', 'Rinaldi', '10000338', '2001-03-19'),
('Angelo', 'Caruso', '10000339', '2005-06-26'),
('Annamaria', 'Ferrara', '10000340', '1996-04-20'),
('Annibale', 'Galli', '10000341', '1998-08-30'),
('Annunziata', 'Martini', '10000342', '1995-03-15'),
('Anselmo', 'Leone', '10000343', '1997-01-14'),
('Antonia', 'Longo', '10000344', '1995-05-14'),
('Antimo', 'Gentili', '10000345', '1995-07-22'),
('Antonella', 'Martinelli', '10000346', '2000-06-16'),
('Antonino', 'Vitale', '10000347', '1996-01-28'),
('Antonietta', 'Marini', '10000348', '2004-02-10'),
('Apollo', 'Silvestri', '10000349', '1998-09-11'),
('Apollonia', 'Conte', '10000350', '1998-08-25'),
('Arcangelo', 'Serra', '10000351', '2005-02-20'),
('Arianna', 'Farina', '10000352', '2000-06-15'),
('Arnaldo', 'Gatti', '10000353', '1999-02-25'),
('Asia', 'Monti', '10000354', '2001-06-10'),
('Arrigo', 'Pagano', '10000355', '2003-04-13'),
('Assunta', 'Salvatore', '10000356', '2001-07-28'),
('Arturo', 'Albanese', '10000357', '2002-09-21'),
('Atanasia', 'Parisi', '10000358', '2004-09-29'),
('Attilio', 'Riva', '10000359', '2003-06-12'),
('Aurelia', 'Villa', '10000360', '1998-02-16'),
('Augusto', 'Piras', '10000361', '1999-02-24'),
('Aurora', 'Conte', '10000362', '1995-09-12'),
('Aurelio', 'Ferri', '10000363', '1996-04-28'),
('Azzurra', 'Morelli', '10000364', '2005-01-21'),
('Avanti', 'Ferretti', '10000365', '2005-03-10'),
('Beatrice', 'Amato', '10000366', '1995-03-14'),
('Baldassarre', 'Palumbo', '10000367', '2003-06-26'),
('Berenice', 'Sanna', '10000368', '2004-06-18'),
('Barnaba', 'Farina', '10000369', '1996-05-13'),
('Bernardetta', 'Romeo', '10000370', '1997-09-22'),
('Bartolomeo', 'Costantini', '10000371', '2003-02-20'),
('Biagia', 'Mazza', '10000372', '2002-08-25'),
('Basilio', 'Pellegrini', '10000373', '2001-08-29'),
('Bianca', 'Cavallo', '10000374', '2001-08-12'),
('Battista', 'Carbone', '10000375', '2003-01-30'),
('Bibiana', 'Ferraro', '10000376', '2003-02-23'),
('Benedetto', 'Pellegrino', '10000377', '2005-09-13'),
('Brigida', 'Palumbo', '10000378', '1999-03-24'),
('Beniamino', 'Marini', '10000379', '2000-07-25'),
('Brunella', 'Colombo', '10000380', '2004-04-25'),
('Benvenuto', 'Bellini', '10000381', '1996-08-16'),
('Brunilde', 'Castelli', '10000382', '1997-01-11'),
('Berardo', 'Rosa', '10000383', '2005-08-14'),
('Camilla', 'D-Angelo', '10000384', '1997-05-20'),
('Bernardo', 'Santis', '10000385', '2003-02-21'),
('Candida', 'Moretti', '10000386', '2003-04-14'),
('Biagio', 'Gentile', '10000387', '1999-09-16'),
('Carla', 'Caputo', '10000388', '2004-04-22'),
('Bino', 'Romano', '10000389', '1995-08-12'),
('Carlotta', 'Lombardi', '10000390', '2004-05-10'),
('Brizio', 'Fiore', '10000391', '2001-06-13'),
('Carmela', 'Ferrara', '10000392', '1996-04-11'),
('Bruno', 'Parisi', '10000393', '2000-05-14'),
('Carmen', 'Bellini', '10000394', '2004-01-29'),
('Calogero', 'Basile', '10000395', '2004-01-19'),
('Carmina', 'Messina', '10000396', '1996-03-13'),
('Camillo', 'Bruno', '10000397', '1999-09-28'),
('Carolina', 'Orlando', '10000398', '1998-02-19'),
('Carlo', 'Luca', '10000399', '1998-06-12'),
('Cassandra', 'Coppola', '10000400', '2004-03-15'),
('Carmine', 'Marchetti', '10000401', '1996-08-10'),
('Caterina', 'Fabbri', '10000402', '1998-04-19'),
('Catello', 'Guerrieri', '10000403', '2001-08-10'),
('Cecilia', 'Barone', '10000404', '2004-06-22'),
('Cesare', 'Bianco', '10000405', '1999-03-13'),
('Celeste', 'Serra', '10000406', '1999-05-29'),
('Christian', 'Martino', '10000407', '1997-05-18'),
('Celia', 'Vitali', '10000408', '1996-08-11'),
('Ciro', 'Rossi', '10000409', '2002-08-28'),
('Chantal', 'Esposito', '10000410', '2000-02-19'),
('Claudio', 'Romano', '10000411', '1999-03-24'),
('Chiara', 'Guidi', '10000412', '1997-08-12'),
('Corrado', 'Bernardi', '10000413', '2000-06-15'),
('Clarissa', 'Ranieri', '10000414', '1997-03-10'),
('Cosimo', 'Milani', '10000415', '2002-01-10'),
('Claudia', 'Barbera', '10000416', '1996-07-11'),
('Cosma', 'Amato', '10000417', '2004-02-18'),
('Clelia', 'Biondi', '10000418', '2000-08-13'),
('Costantino', 'Meo', '10000419', '1996-05-12'),
('Clotilde', 'Sanna', '10000420', '1997-09-25'),
('Costanzo', 'Costa', '10000421', '2005-09-30'),
('Concetta', 'Pagano', '10000422', '1996-01-25'),
('Cristian', 'Ferri', '10000423', '2005-08-15'),
('Consuelo', 'Rossetti', '10000424', '2002-09-28'),
('Cristiano', 'Palumbo', '10000425', '1998-03-17'),
('Cora', 'Galli', '10000426', '2002-07-23'),
('Cristoforo', 'Villa', '10000427', '1999-03-22'),
('Corinna', 'Riva', '10000428', '1995-05-30'),
('Damiano', 'Longo', '10000429', '2003-01-23'),
('Cornelia', 'Gatti', '10000430', '1996-07-25'),
('Danese', 'Caputo', '10000431', '1998-08-21'),
('Cristina', 'Silvestri', '10000432', '1998-06-30'),
('Danila', 'Benedetti', '10000433', '2002-05-11'),
('Danila', 'Morelli', '10000434', '2001-09-30'),
('Daniele', 'Angelis', '10000435', '2005-09-23'),
('Daniela', 'Rosa', '10000436', '2004-04-27'),
('Danilo', 'Marini', '10000437', '1996-05-17'),
('Daria', 'D-Amico', '10000438', '2000-05-13'),
('Dante', 'Bellini', '10000439', '1998-02-23'),
('Debora', 'Castelli', '10000440', '1999-09-27'),
('Dario', 'Ricci', '10000441', '1999-08-12'),
('Deanna', 'Pagano', '10000442', '2002-02-22'),
('Davide', 'Santoro', '10000443', '1998-06-26'),
('Delfina', 'Martinelli', '10000444', '1996-06-14'),
('Demetrio', 'Ferretti', '10000445', '2002-01-16'),
('Delia', 'Ferrero', '10000446', '1995-09-13'),
('Denis', 'Brunetti', '10000447', '1997-07-22'),
('Denise', 'Leone', '10000448', '1996-07-10'),
('Desiderio', 'Gentile', '10000449', '2002-06-19'),
('Desirée', 'Marino', '10000450', '2003-03-20'),
('Diego', 'Barbera', '10000451', '1999-07-10'),
('Diana', 'Greco', '10000452', '1997-07-21'),
('Dino', 'Caruso', '10000453', '1999-04-25'),
('Diletta', 'Giordano', '10000454', '1995-08-17'),
('Dionigi', 'Moretti', '10000455', '2000-09-22'),
('Dina', 'Mancini', '10000456', '1997-01-16'),
('Domenico', 'Lombardi', '10000457', '2002-06-16'),
('Domenica', 'Coppola', '10000458', '1996-04-23'),
('Donato', 'Rinaldi', '10000459', '1995-02-21'),
('Donatella', 'Luca', '10000460', '1997-09-27'),
('Doriano', 'Conte', '10000461', '2001-03-22'),
('Dora', 'Barone', '10000462', '1996-06-11'),
('Duccio', 'Russo', '10000463', '1997-01-30'),
('Dorotea', 'Ferrara', '10000464', '2001-09-17'),
('Edilio', 'Rossi', '10000465', '1996-09-11'),
('Edda', 'Esposito', '10000466', '1999-05-16'),
('Edmondo', 'Colombo', '10000467', '1995-01-23'),
('Elena', 'Romano', '10000468', '2003-02-25'),
('Edoardo', 'Bianchi', '10000469', '1997-08-26'),
('Eleonora', 'Ricci', '10000470', '1999-03-12'),
('Efisio', 'Marino', '10000471', '1995-05-10'),
('Elga', 'Greco', '10000472', '1997-06-27'),
('Elia', 'Bruno', '10000473', '1995-05-21'),
('Eliana', 'Gallo', '10000474', '2000-08-22'),
('Elio', 'Conti', '10000475', '2003-04-21'),
('Elisa', 'Luca', '10000476', '2003-06-20'),
('Elizeo', 'Costa', '10000477', '2005-01-14'),
('Elisabetta', 'Giordano', '10000478', '1995-06-15'),
('Elmo', 'Mancini', '10000479', '1999-07-14'),
('Elvira', 'Rizzo', '10000480', '1998-08-29'),
('Elvezio', 'Lombardi', '10000481', '1996-07-20'),
('Emanuela', 'Moretti', '10000482', '2001-08-30'),
('Emanuele', 'Barbieri', '10000483', '2001-07-26'),
('Emilia', 'Fontana', '10000484', '2000-03-26'),
('Emiliano', 'Santoro', '10000485', '2002-02-25'),
('Emiliana', 'Mariani', '10000486', '2001-08-29'),
('Emilio', 'Rinaldi', '10000487', '2000-02-22'),
('Emily', 'Caruso', '10000488', '1996-03-25'),
('Ennio', 'Ferrara', '10000489', '2005-01-10'),
('Emma', 'Galli', '10000490', '1999-02-23'),
('Enrico', 'Martini', '10000491', '2001-07-21'),
('Enrica', 'Leone', '10000492', '1999-01-10'),
('Enzo', 'Longo', '10000493', '2004-09-23'),
('Enza', 'Gentili', '10000494', '2004-07-25'),
('Ercole', 'Martinelli', '10000495', '2002-08-26'),
('Erica', 'Vitale', '10000496', '1999-08-29'),
('Eric', 'Marini', '10000497', '1999-07-30'),
('Erika', 'Silvestri', '10000498', '1999-06-24'),
('Ermanno', 'Conte', '10000499', '1995-08-11'),
('Erminia', 'Serra', '10000500', '1997-01-10'),
('Ermes', 'Farina', '10000501', '2000-02-20'),
('Ernestina', 'Gatti', '10000502', '2005-09-17'),
('Ernesto', 'Monti', '10000503', '1996-05-28'),
('Ester', 'Pagano', '10000504', '2002-07-15'),
('Ettore', 'Salvatore', '10000505', '2003-05-20'),
('Eugenia', 'Albanese', '10000506', '2001-07-14'),
('Eugenio', 'Parisi', '10000507', '1999-03-15'),
('Eva', 'Riva', '10000508', '2005-07-16'),
('Evaristo', 'Villa', '10000509', '2003-06-17'),
('Evelina', 'Piras', '10000510', '1999-05-15'),
('Ezio', 'Conte', '10000511', '2000-04-30'),
('Fabiana', 'Ferri', '10000512', '1997-09-25'),
('Fabiano', 'Morelli', '10000513', '1998-09-16'),
('Fabiola', 'Ferretti', '10000514', '2003-04-15'),
('Fabio', 'Amato', '10000515', '2001-09-18'),
('Fabrizia', 'Palumbo', '10000516', '2003-02-14'),
('Fabrizio', 'Sanna', '10000517', '1995-05-20'),
('Fatima', 'Farina', '10000518', '1997-03-30'),
('Fausto', 'Romeo', '10000519', '2001-06-13'),
('Federica', 'Costantini', '10000520', '2005-06-27'),
('Fedele', 'Mazza', '10000521', '1996-03-12'),
('Fedora', 'Pellegrini', '10000522', '2004-04-12'),
('Federico', 'Cavallo', '10000523', '2002-01-26'),
('Felicia', 'Carbone', '10000524', '2004-09-14'),
('Felice', 'Ferraro', '10000525', '1997-04-19'),
('Felicita', 'Pellegrino', '10000526', '2004-01-19'),
('Ferdinando', 'Palumbo', '10000527', '1997-04-21'),
('Fenisia', 'Marini', '10000528', '2005-02-25'),
('Ferruccio', 'Colombo', '10000529', '2000-07-13'),
('Fiamma', 'Bellini', '10000530', '2003-07-28'),
('Filippo', 'Castelli', '10000531', '2002-09-18'),
('Filippa', 'Rosa', '10000532', '1998-05-20'),
('Fiorenzo', 'D-Angelo', '10000533', '2000-03-28'),
('Filomena', 'Santis', '10000534', '1997-04-12'),
('Flavio', 'Moretti', '10000535', '1999-03-12'),
('Fiora', 'Gentile', '10000536', '2000-06-26'),
('Floriano', 'Caputo', '10000537', '2002-01-13'),
('Fiorella', 'Romano', '10000538', '1998-04-26'),
('Foca', 'Lombardi', '10000539', '2001-06-10'),
('Fiorenza', 'Fiore', '10000540', '1995-06-17'),
('Fortunato', 'Ferrara', '10000541', '2004-08-25'),
('Flavia', 'Parisi', '10000542', '2005-01-25'),
('Francesco', 'Bellini', '10000543', '2004-04-20'),
('Flora', 'Basile', '10000544', '1996-06-16'),
('Franco', 'Messina', '10000545', '2000-05-15'),
('Franca', 'Bruno', '10000546', '2000-05-10'),
('Fulvio', 'Orlando', '10000547', '1997-04-16'),
('Francesca', 'Luca', '10000548', '1998-09-23'),
('Furio', 'Coppola', '10000549', '2002-03-17'),
('Gabriella', 'Marchetti', '10000550', '1997-04-29'),
('Gabriele', 'Fabbri', '10000551', '2001-09-27'),
('Gaia', 'Guerrieri', '10000552', '1997-09-28'),
('Gaetano', 'Barone', '10000553', '2005-02-26'),
('Gemma', 'Bianco', '10000554', '2004-09-12'),
('Gaspare', 'Serra', '10000555', '2005-04-15'),
('Gigliola', 'Martino', '10000556', '2005-03-27'),
('Gastone', 'Vitali', '10000557', '2004-08-26'),
('Ginevra', 'Rossi', '10000558', '2004-08-29'),
('Gavino', 'Esposito', '10000559', '2003-05-18'),
('Gioia', 'Romano', '10000560', '1997-07-14'),
('Gennaro', 'Guidi', '10000561', '2000-09-27'),
('Giorgia', 'Bernardi', '10000562', '1997-07-24'),
('Gerlando', 'Ranieri', '10000563', '1996-02-16'),
('Giovanna', 'Milani', '10000564', '2003-01-16'),
('Germano', 'Barbera', '10000565', '1996-02-16'),
('Giralda', 'Amato', '10000566', '1997-02-15'),
('Gerolamo', 'Biondi', '10000567', '1999-07-20'),
('Giada', 'Meo', '10000568', '2000-01-21'),
('Gesualdo', 'Sanna', '10000569', '2002-02-23'),
('Giusy', 'Costa', '10000570', '2004-05-24'),
('Giacomo', 'Pagano', '10000571', '2000-06-15'),
('Giulia', 'Ferri', '10000572', '1996-05-21'),
('Giampiero', 'Rossetti', '10000573', '1999-09-30'),
('Giuliana', 'Palumbo', '10000574', '1995-04-14'),
('Giancarlo', 'Galli', '10000575', '1998-09-28'),
('Giulietta', 'Villa', '10000576', '1997-01-25'),
('Gianfranco', 'Riva', '10000577', '2004-08-20'),
('Giuseppina', 'Longo', '10000578', '2004-04-26'),
('Gianluca', 'Gatti', '10000579', '1998-02-19'),
('Giusta', 'Caputo', '10000580', '1997-01-11'),
('Gianluigi', 'Silvestri', '10000581', '1995-02-14'),
('Grazia', 'Benedetti', '10000582', '1998-04-30'),
('Gianmarco', 'Morelli', '10000583', '1997-05-27'),
('Graziella', 'Angelis', '10000584', '2003-04-10'),
('Gianmichele', 'Rosa', '10000585', '2000-06-17'),
('Greta', 'Marini', '10000586', '2002-03-16'),
('Gianni', 'D-Amico', '10000587', '2002-09-21'),
('Guendalina', 'Bellini', '10000588', '2002-08-21'),
('Gianpaolo', 'Castelli', '10000589', '2003-04-19'),
('Ida', 'Ricci', '10000590', '2002-02-19'),
('Gianpiero', 'Pagano', '10000591', '2000-03-23'),
('Ilaria', 'Santoro', '10000592', '2003-05-16'),
('Gigliolo', 'Martinelli', '10000593', '2000-07-24'),
('Ilda', 'Ferretti', '10000594', '1996-04-11'),
('Gioacchino', 'Ferrero', '10000595', '1998-05-13'),
('Immacolata', 'Brunetti', '10000596', '2005-03-29'),
('Giordano', 'Leone', '10000597', '1998-06-17'),
('Ines', 'Gentile', '10000598', '1996-06-29'),
('Giorgio', 'Marino', '10000599', '1999-06-28'),
('Ingrid', 'Barbera', '10000600', '2000-01-24'),
('Giosuè', 'Greco', '10000601', '2004-06-13'),
('Irene', 'Caruso', '10000602', '2005-02-25'),
('Giovanni', 'Giordano', '10000603', '2000-02-22'),
('Iris', 'Moretti', '10000604', '2004-03-18'),
('Giraldo', 'Mancini', '10000605', '2001-04-23'),
('Irma', 'Lombardi', '10000606', '2001-03-18'),
('Girolamo', 'Coppola', '10000607', '2005-03-25'),
('Isabella', 'Rinaldi', '10000608', '1995-08-12'),
('Giuliano', 'Luca', '10000609', '1997-07-11'),
('Isotta', 'Conte', '10000610', '2005-06-12'),
('Giulio', 'Barone', '10000611', '1998-07-30'),
('Iva', 'Russo', '10000612', '2005-07-12'),
('Giuseppe', 'Ferrara', '10000613', '1997-01-28'),
('Ivana', 'Rossi', '10000614', '1995-09-18'),
('Giusto', 'Esposito', '10000615', '2000-01-26'),
('Ivonne', 'Colombo', '10000616', '1996-08-28'),
('Glauco', 'Romano', '10000617', '1998-04-15'),
('Jari', 'Bianchi', '10000618', '2002-07-17'),
('Goffredo', 'Ricci', '10000619', '2000-05-24'),
('Jessica', 'Marino', '10000620', '2000-03-27'),
('Goliardo', 'Greco', '10000621', '2000-06-10'),
('Jole', 'Bruno', '10000622', '2000-09-28'),
('Graziano', 'Gallo', '10000623', '2001-08-18'),
('Jolanda', 'Conti', '10000624', '2004-08-28'),
('Gregorio', 'Luca', '10000625', '1999-06-20'),
('Julia', 'Costa', '10000626', '2005-03-25'),
('Gualtiero', 'Giordano', '10000627', '2004-07-27'),
('Lara', 'Mancini', '10000628', '1998-01-12'),
('Guido', 'Rizzo', '10000629', '2001-07-27'),
('Laura', 'Lombardi', '10000630', '2003-01-16'),
('Gustavo', 'Moretti', '10000631', '1999-09-26'),
('Lavinia', 'Barbieri', '10000632', '1998-07-11'),
('Igor', 'Fontana', '10000633', '2001-03-12'),
('Lea', 'Santoro', '10000634', '2004-02-19'),
('Ilario', 'Mariani', '10000635', '1996-06-23'),
('Leda', 'Rinaldi', '10000636', '1997-01-10'),
('Ildo', 'Caruso', '10000637', '2004-03-28'),
('Leila', 'Ferrara', '10000638', '2005-06-28'),
('Innocenzo', 'Galli', '10000639', '1998-07-25'),
('Lelia', 'Martini', '10000640', '2004-01-26'),
('Ippolito', 'Leone', '10000641', '2003-05-19'),
('Lena', 'Longo', '10000642', '1999-01-20'),
('Irene', 'Gentili', '10000643', '1999-01-10'),
('Leola', 'Martinelli', '10000644', '2000-09-26'),
('Isacco', 'Vitale', '10000645', '1996-01-14'),
('Leonarda', 'Marini', '10000646', '1997-05-26'),
('Isaia', 'Silvestri', '10000647', '2004-01-12'),
('Letizia', 'Conte', '10000648', '2005-05-17'),
('Isidoro', 'Serra', '10000649', '2005-03-23'),
('Lia', 'Farina', '10000650', '1996-04-16'),
('Italo', 'Gatti', '10000651', '2001-04-15'),
('Liana', 'Monti', '10000652', '2001-05-13'),
('Ivan', 'Pagano', '10000653', '1996-01-11'),
('Libera', 'Salvatore', '10000654', '1999-07-10'),
('Ivano', 'Albanese', '10000655', '1998-08-24'),
('Licia', 'Parisi', '10000656', '1997-05-19'),
('Lamberto', 'Riva', '10000657', '2004-02-19'),
('Lidia', 'Villa', '10000658', '1998-05-12'),
('Lancillotto', 'Piras', '10000659', '1999-05-20'),
('Liliana', 'Conte', '10000660', '2000-09-14'),
('Lauro', 'Ferri', '10000661', '1996-05-19'),
('Linda', 'Morelli', '10000662', '1995-03-22'),
('Lazzaro', 'Ferretti', '10000663', '2002-06-15'),
('Lisa', 'Amato', '10000664', '2002-03-17'),
('Leandro', 'Palumbo', '10000665', '1999-01-22'),
('Livia', 'Sanna', '10000666', '1998-02-30'),
('Leo', 'Farina', '10000667', '1997-05-18'),
('Liviana', 'Romeo', '10000668', '2000-05-10'),
('Leonardo', 'Costantini', '10000669', '1995-03-10'),
('Loredana', 'Mazza', '10000670', '1995-09-22'),
('Leone', 'Pellegrini', '10000671', '2001-06-12'),
('Lorella', 'Cavallo', '10000672', '2001-09-17'),
('Leonida', 'Carbone', '10000673', '2000-03-12'),
('Lorena', 'Ferraro', '10000674', '2004-01-11'),
('Leopoldo', 'Pellegrino', '10000675', '1995-07-23'),
('Lorenza', 'Palumbo', '10000676', '2003-02-15'),
('Lodovico', 'Marini', '10000677', '2005-03-29'),
('Loretta', 'Colombo', '10000678', '2002-03-25'),
('lorenzo', 'Bellini', '10000679', '2000-05-15'),
('Loriana', 'Castelli', '10000680', '1999-05-26'),
('Loris', 'Rosa', '10000681', '2002-09-20'),
('Luce', 'D-Angelo', '10000682', '2003-09-22'),
('Luca', 'Santis', '10000683', '2005-09-25'),
('Lucia', 'Moretti', '10000684', '1999-09-16'),
('Luciano', 'Gentile', '10000685', '2003-01-23'),
('Luciana', 'Caputo', '10000686', '1998-06-23'),
('Lucio', 'Romano', '10000687', '2003-02-23'),
('Lucilla', 'Lombardi', '10000688', '1995-02-30'),
('Ludovico', 'Fiore', '10000689', '2004-08-20'),
('Ludovica', 'Ferrara', '10000690', '2003-03-20'),
('Luigi', 'Parisi', '10000691', '2001-04-25'),
('Luigia', 'Bellini', '10000692', '2003-09-27'),
('Lupo', 'Basile', '10000693', '2000-07-16'),
('Luana', 'Messina', '10000694', '2002-01-14'),
('Macario', 'Bruno', '10000695', '1998-09-10'),
('Luisa', 'Orlando', '10000696', '1999-04-30'),
('Manlio', 'Luca', '10000697', '2005-06-27'),
('Luna', 'Coppola', '10000698', '1996-08-23'),
('Manuel', 'Marchetti', '10000699', '2000-08-22'),
('Maddalena', 'Fabbri', '10000700', '1996-07-15'),
('Manuele', 'Guerrieri', '10000701', '2003-05-10'),
('Mafalda', 'Barone', '10000702', '2002-07-19'),
('Marcello', 'Bianco', '10000703', '1995-04-21'),
('Magda', 'Serra', '10000704', '1996-06-18'),
('Marco', 'Martino', '10000705', '2002-03-24'),
('Maida', 'Vitali', '10000706', '1999-08-14'),
('Mariano', 'Rossi', '10000707', '2003-02-18'),
('Malvina', 'Esposito', '10000708', '2005-03-14'),
('Marino', 'Romano', '10000709', '2004-06-20'),
('Manuela', 'Guidi', '10000710', '1998-09-25'),
('Mario', 'Bernardi', '10000711', '1998-02-25'),
('Mara', 'Ranieri', '10000712', '2000-07-12'),
('Marolo', 'Milani', '10000713', '2002-01-27'),
('Marana', 'Barbera', '10000714', '2004-09-27'),
('Martino', 'Amato', '10000715', '2004-07-13'),
('Marcella', 'Biondi', '10000716', '1995-08-20'),
('Marzio', 'Meo', '10000717', '2000-06-29'),
('Marchella', 'Sanna', '10000718', '2004-09-23'),
('Massimo', 'Costa', '10000719', '2002-01-13'),
('Margherita', 'Pagano', '10000720', '1995-06-10'),
('Massimiliano', 'Ferri', '10000721', '1997-03-25'),
('Maria', 'Rossetti', '10000722', '2003-02-14'),
('Matteo', 'Palumbo', '10000723', '1996-02-15'),
('Marianna', 'Galli', '10000724', '2003-05-22'),
('Mattia', 'Villa', '10000725', '2000-08-19'),
('Marica', 'Riva', '10000726', '2002-08-20'),
('Maurizio', 'Longo', '10000727', '1996-01-23'),
('Marie', 'Gatti', '10000728', '2000-04-27'),
('Mauro', 'Caputo', '10000729', '2005-03-20'),
('Mariella', 'Silvestri', '10000730', '2004-08-21'),
('Medardo', 'Benedetti', '10000731', '1996-09-22'),
('Marilyn', 'Morelli', '10000732', '2005-06-11'),
('Melchiorre', 'Angelis', '10000733', '2002-06-19'),
('Marina', 'Rosa', '10000734', '2001-07-12'),
('Menotti', 'Marini', '10000735', '1996-05-20'),
('Marinella', 'D-Amico', '10000736', '1996-04-13'),
('Michele', 'Bellini', '10000737', '2001-02-12'),
('Marisa', 'Castelli', '10000738', '1995-07-23'),
('Mirko', 'Ricci', '10000739', '2003-02-20'),
('Marta', 'Pagano', '10000740', '2004-02-13'),
('Modesto', 'Santoro', '10000741', '1996-04-11'),
('Martina', 'Martinelli', '10000742', '1998-07-15'),
('Morello', 'Ferretti', '10000743', '1999-02-23'),
('Marzia', 'Ferrero', '10000744', '1997-07-29'),
('Moreno', 'Brunetti', '10000745', '1997-06-18'),
('Massima', 'Leone', '10000746', '2001-03-15'),
('Morgano', 'Gentile', '10000747', '2004-06-28'),
('Matilde', 'Marino', '10000748', '1999-02-21'),
('Nando', 'Barbera', '10000749', '2002-02-16'),
('Maura', 'Greco', '10000750', '2005-05-25'),
('Nazario', 'Caruso', '10000751', '1997-08-20'),
('Melania', 'Giordano', '10000752', '2005-05-15'),
('Nello', 'Moretti', '10000753', '1998-07-19'),
('Melissa', 'Mancini', '10000754', '1995-02-18'),
('Nelson', 'Lombardi', '10000755', '1997-09-14'),
('Mercedes', 'Coppola', '10000756', '1999-07-12'),
('Nereo', 'Rinaldi', '10000757', '2000-06-18'),
('Mia', 'Luca', '10000758', '2002-01-16'),
('Niccolò', 'Conte', '10000759', '1996-04-14'),
('Michela', 'Barone', '10000760', '1998-02-28'),
('Nicholas', 'Russo', '10000761', '2005-01-17'),
('Milena', 'Ferrara', '10000762', '1998-06-20'),
('Nicola', 'Rossi', '10000763', '2003-09-17'),
('Mimma', 'Esposito', '10000764', '2004-01-17'),
('Nicodemo', 'Colombo', '10000765', '2004-05-11'),
('Mina', 'Romano', '10000766', '2004-03-11'),
('Nicolò', 'Bianchi', '10000767', '2001-01-18'),
('Minerva', 'Ricci', '10000768', '1997-09-23'),
('Ninfa', 'Marino', '10000769', '1998-02-12'),
('Noemi', 'Greco', '10000770', '1996-08-23'),
('Nino', 'Bruno', '10000771', '1998-05-10'),
('Nora', 'Gallo', '10000772', '2001-07-14'),
('Nunzio', 'Conti', '10000773', '2000-02-12'),
('Norina', 'Luca', '10000774', '2001-08-17'),
('Omar', 'Costa', '10000775', '1996-09-15'),
('Novella', 'Giordano', '10000776', '2003-03-21'),
('Onofrio', 'Mancini', '10000777', '1999-09-12'),
('Nunzia', 'Rizzo', '10000778', '1997-08-17'),
('Orazio', 'Lombardi', '10000779', '2002-07-30'),
('Odessa', 'Moretti', '10000780', '1996-06-23'),
('Oreste', 'Barbieri', '10000781', '2003-01-17'),
('Odette', 'Fontana', '10000782', '1996-08-26'),
('Orlando', 'Santoro', '10000783', '2004-07-20'),
('Ofelia', 'Mariani', '10000784', '2001-05-10'),
('Oscar', 'Rinaldi', '10000785', '1999-03-15'),
('Olga', 'Caruso', '10000786', '1999-02-25'),
('Osvaldo', 'Ferrara', '10000787', '1997-01-20'),
('Olimpia', 'Galli', '10000788', '1998-08-18'),
('Otello', 'Martini', '10000789', '2001-04-16'),
('Olivia', 'Leone', '10000790', '1995-03-10'),
('Ottavio', 'Longo', '10000791', '1998-04-16'),
('Ombretta', 'Gentili', '10000792', '1998-09-13'),
('Ottone', 'Martinelli', '10000793', '2002-07-12'),
('Oriana', 'Vitale', '10000794', '1998-02-14'),
('Ovidio', 'Marini', '10000795', '2000-04-19'),
('Orietta', 'Silvestri', '10000796', '1999-05-24'),
('Pablo', 'Conte', '10000797', '2002-08-30'),
('Ornella', 'Serra', '10000798', '2001-06-29'),
('Pacifico', 'Farina', '10000799', '2004-08-18'),
('Ortensia', 'Gatti', '10000800', '1995-08-26'),
('Palmiro', 'Monti', '10000801', '2000-04-28'),
('Orsola', 'Pagano', '10000802', '2005-03-18'),
('Pancrazio', 'Salvatore', '10000803', '1997-09-23'),
('Ottavia', 'Albanese', '10000804', '2005-01-29'),
('Paolo', 'Parisi', '10000805', '1999-09-26'),
('Pamela', 'Riva', '10000806', '2001-02-29'),
('Pardo', 'Villa', '10000807', '2005-09-18'),
('Paola', 'Piras', '10000808', '2001-01-30'),
('Pasquale', 'Conte', '10000809', '2001-03-23'),
('Paolina', 'Ferri', '10000810', '2000-04-20'),
('Patrizio', 'Morelli', '10000811', '2001-04-10'),
('Patrizia', 'Ferretti', '10000812', '1997-08-24'),
('Patroclo', 'Amato', '10000813', '2000-02-19'),
('Penelope', 'Palumbo', '10000814', '1998-01-10'),
('Pellegrino', 'Sanna', '10000815', '2001-04-22'),
('Perla', 'Farina', '10000816', '1996-04-17'),
('Pericle', 'Romeo', '10000817', '2005-07-13'),
('Piera', 'Costantini', '10000818', '2005-08-24'),
('Peter', 'Mazza', '10000819', '2000-09-19'),
('Pierangela', 'Pellegrini', '10000820', '1996-07-19'),
('Pierangelo', 'Cavallo', '10000821', '1999-01-14'),
('Pierina', 'Carbone', '10000822', '1999-01-30'),
('Pierce', 'Ferraro', '10000823', '2004-03-26'),
('Pietra', 'Pellegrino', '10000824', '2004-06-30'),
('Piergiorgio', 'Palumbo', '10000825', '1996-07-25'),
('Pina', 'Marini', '10000826', '2002-02-24'),
('Pierluigi', 'Colombo', '10000827', '2001-01-28'),
('Pinuccia', 'Bellini', '10000828', '1999-08-23'),
('Piero', 'Castelli', '10000829', '1997-02-14'),
('Pio', 'Rosa', '10000830', '2004-03-11'),
('Pietro', 'D-Angelo', '10000831', '1995-05-15'),
('Pompilia', 'Santis', '10000832', '1995-09-11'),
('Pio', 'Moretti', '10000833', '1996-08-10'),
('Priscilla', 'Gentile', '10000834', '2003-04-29'),
('Pippo', 'Caputo', '10000835', '1997-04-13'),
('Prisca', 'Romano', '10000836', '1998-04-22'),
('Placido', 'Lombardi', '10000837', '1995-02-10'),
('Publia', 'Fiore', '10000838', '1997-09-29'),
('Polidoro', 'Ferrara', '10000839', '2003-01-29'),
('Quamina', 'Parisi', '10000840', '1998-08-18'),
('Pompeo', 'Bellini', '10000841', '2005-03-12'),
('Quinta', 'Basile', '10000842', '1995-09-29'),
('Ponziano', 'Messina', '10000843', '2005-03-19'),
('Quintila', 'Bruno', '10000844', '2004-04-25'),
('Porfirio', 'Orlando', '10000845', '1996-02-16'),
('Rachele', 'Luca', '10000846', '1995-01-13'),
('Primo', 'Coppola', '10000847', '2002-08-22'),
('Raffaela', 'Marchetti', '10000848', '2003-06-27'),
('Prospero', 'Fabbri', '10000849', '1997-06-21'),
('Raffaella', 'Guerrieri', '10000850', '1995-07-24'),
('Prisco', 'Barone', '10000851', '1998-04-27'),
('Ramona', 'Bianco', '10000852', '1998-03-27'),
('Quarto', 'Serra', '10000853', '2004-09-19'),
('Rebecca', 'Martino', '10000854', '1999-02-25'),
('Quintino', 'Vitali', '10000855', '1995-09-17'),
('Regina', 'Rossi', '10000856', '2000-02-17'),
('Quinto', 'Esposito', '10000857', '2002-08-26'),
('Renata', 'Romano', '10000858', '2004-02-30'),
('Quirino', 'Guidi', '10000859', '1996-03-21'),
('Riccarda', 'Bernardi', '10000860', '1997-08-17'),
('Radames', 'Ranieri', '10000861', '2001-02-20'),
('Rita', 'Milani', '10000862', '1995-08-17'),
('Raffaele', 'Barbera', '10000863', '2001-05-19'),
('Roberta', 'Amato', '10000864', '2000-06-15'),
('Raimondo', 'Biondi', '10000865', '2003-02-10'),
('Romana', 'Meo', '10000866', '1997-09-27'),
('Rainero', 'Sanna', '10000867', '1996-03-27'),
('Romina', 'Costa', '10000868', '1997-02-21'),
('Raoul', 'Pagano', '10000869', '1995-05-23'),
('Romola', 'Ferri', '10000870', '1997-02-17'),
('Raul', 'Rossetti', '10000871', '1997-04-10'),
('Rosa', 'Palumbo', '10000872', '2000-04-24'),
('Renato', 'Galli', '10000873', '1996-01-12'),
('Rosalia', 'Villa', '10000874', '2004-01-17'),
('Renzo', 'Riva', '10000875', '1997-05-27'),
('Rosalinda', 'Longo', '10000876', '2002-06-25'),
('Riccardo', 'Gatti', '10000877', '2004-09-12'),
('Rosamaria', 'Caputo', '10000878', '2002-05-28'),
('Rinaldo', 'Silvestri', '10000879', '2000-06-15'),
('Rosanna', 'Benedetti', '10000880', '2005-07-19'),
('Rino', 'Morelli', '10000881', '1996-04-25'),
('Rosaria', 'Angelis', '10000882', '2005-04-30'),
('Roberto', 'Rosa', '10000883', '2002-05-10'),
('Rosaura', 'Marini', '10000884', '2005-03-13'),
('Rocco', 'D-Amico', '10000885', '1998-08-20'),
('Rossana', 'Bellini', '10000886', '1995-07-12'),
('Rodolfo', 'Castelli', '10000887', '2003-06-12'),
('Rossella', 'Ricci', '10000888', '2001-06-26'),
('Rodrigo', 'Pagano', '10000889', '2000-02-11'),
('Ruby', 'Santoro', '10000890', '1995-05-28'),
('Roger', 'Martinelli', '10000891', '2004-03-19'),
('Sabina', 'Ferretti', '10000892', '1999-07-24'),
('Rolando', 'Ferrero', '10000893', '2001-07-20'),
('Sabrina', 'Brunetti', '10000894', '2004-06-18'),
('Romano', 'Leone', '10000895', '2004-04-21'),
('Samantha', 'Gentile', '10000896', '1996-09-21'),
('Romeo', 'Marino', '10000897', '1998-07-17'),
('Samanta', 'Barbera', '10000898', '1999-09-25'),
('Romolo', 'Greco', '10000899', '1995-07-18'),
('Samuela', 'Caruso', '10000900', '2000-06-30'),
('Romualdo', 'Giordano', '10000901', '1998-04-21'),
('Sandra', 'Moretti', '10000902', '2000-07-25'),
('Rosario', 'Mancini', '10000903', '1996-06-11'),
('Santina', 'Lombardi', '10000904', '2003-04-15'),
('Rossano', 'Coppola', '10000905', '2002-07-11'),
('Sara', 'Rinaldi', '10000906', '1997-04-13'),
('Ruben', 'Luca', '10000907', '2001-02-16'),
('Sarina', 'Conte', '10000908', '2003-06-21'),
('Ruggiero', 'Barone', '10000909', '1996-09-22'),
('Saveria', 'Russo', '10000910', '2005-04-17'),
('Sabato', 'Ferrara', '10000911', '2001-04-20'),
('Savina', 'Abate', '10000912', '2000-09-27'),
('Salomone', 'Accardi', '10000913', '1995-02-12'),
('Scilla', 'Adami', '10000914', '2004-07-13'),
('Salvatore', 'Agostini', '10000915', '2001-01-16'),
('Sebastiana', 'Aiello', '10000916', '1997-07-30'),
('Samuel', 'Alberti', '10000917', '1997-03-10'),
('Selene', 'Alessi', '10000918', '2001-04-29'),
('Samuele', 'Altieri', '10000919', '2003-02-16'),
('Selvaggia', 'Amadori', '10000920', '2004-02-14'),
('Sandro', 'Andreoli', '10000921', '1999-07-19'),
('Serafina', 'Angeli', '10000922', '1999-05-18'),
('Sante', 'Ancona', '10000923', '1996-08-26'),
('Serena', 'Antonioli', '10000924', '2002-06-26'),
('Santi', 'Aprile', '10000925', '2003-05-26'),
('Severina', 'Aquila', '10000926', '2000-02-23'),
('Santino', 'Arcuri', '10000927', '1996-05-10'),
('Sibilla', 'Ardito', '10000928', '2002-07-22'),
('Santo', 'Arena', '10000929', '1999-05-20'),
('Silvana', 'Argento', '10000930', '2005-09-24'),
('Saturnino', 'Armani', '10000931', '2001-07-30'),
('Silvia', 'Arrigoni', '10000932', '2003-08-26'),
('Saverio', 'Astolfi', '10000933', '2004-04-21'),
('Simona', 'Attardi', '10000934', '2003-01-22'),
('Savino', 'Avola', '10000935', '2002-02-18'),
('Simonetta', 'Badiali', '10000936', '1999-08-10'),
('Sesto', 'Baglioni', '10000937', '2003-09-26'),
('Siria', 'Baldi', '10000938', '2002-04-19'),
('Settimio', 'Ballerini', '10000939', '2004-02-24'),
('Smeralda', 'Baldo', '10000940', '1997-06-13'),
('Severino', 'Bandini', '10000941', '1999-04-19'),
('Sofia', 'Banfi', '10000942', '2004-05-20'),
('Severo', 'Baraldi', '10000943', '2002-03-18'),
('Sonia', 'Baratta', '10000944', '2003-08-18'),
('Silvio', 'Barbaro', '10000945', '2005-09-24'),
('Stefania', 'Barbi', '10000946', '1998-04-23'),
('Simone', 'Bardelli', '10000947', '1995-02-25'),
('Stella', 'Barelli', '10000948', '2004-04-20'),
('Sisto', 'Baroncelli', '10000949', '1998-08-30'),
('Susanna', 'Baroni', '10000950', '1996-06-20'),
('Sisto', 'Barsotti', '10000951', '2003-09-17'),
('Sveva', 'Bartoli', '10000952', '2004-06-14'),
('Spartaco', 'Bartolini', '10000953', '2000-06-15'),
('Tamara', 'Barzaghi', '10000954', '2005-03-30'),
('Stefano', 'Bassani', '10000955', '1995-07-19'),
('Tania', 'Bassi', '10000956', '1998-03-14'),
('Stelio', 'Battaglia', '10000957', '2001-08-28'),
('Tarquinia', 'Battistini', '10000958', '1997-02-12'),
('Tazio', 'Bazzani', '10000959', '2003-03-28'),
('Tatiana', 'Beccari', '10000960', '1999-06-16'),
('Teodoro', 'Becchi', '10000961', '2003-04-25'),
('Tea', 'Bedini', '10000962', '2002-06-29'),
('Teofilo', 'Beggi', '10000963', '2000-01-20'),
('Teresa', 'Beghelli', '10000964', '2005-09-27'),
('Terenzio', 'Bellagamba', '10000965', '2005-09-15'),
('Teresina', 'Bellandi', '10000966', '1996-03-21'),
('Teseo', 'Bellato', '10000967', '1998-08-27'),
('Tessa', 'Belli', '10000968', '2001-03-11'),
('Tommaso', 'Bellomo', '10000969', '1997-07-11'),
('Tiziana', 'Belloni', '10000970', '2005-03-29'),
('Tiziano', 'Bellotti', '10000971', '1999-04-19'),
('Topazia', 'Belotti', '10000972', '2003-01-17'),
('Tobia', 'Beltrami', '10000973', '1996-02-11'),
('Tosca', 'Benati', '10000974', '2002-02-30'),
('Tommaso', 'Benassi', '10000975', '1999-01-10'),
('Tullia', 'Benecchi', '10000976', '2001-07-19'),
('Torquato', 'Benetti', '10000977', '1995-03-18'),
('Ubalda', 'Benini', '10000978', '2003-07-24'),
('Ture', 'Benvenuto', '10000979', '1996-08-29'),
('Ughetta', 'Berardi', '10000980', '2001-05-20'),
('Uberto', 'Beretta', '10000981', '2005-02-14'),
('Ulfa', 'Bergamaschi', '10000982', '2004-05-29'),
('Ugo', 'Bergamini', '10000983', '2000-08-20'),
('Uliana', 'Bergonzi', '10000984', '2001-07-18'),
('Ulderico', 'Berna', '10000985', '2001-02-20'),
('Ulrica', 'Bernabè', '10000986', '2002-05-13'),
('Ulisse', 'Bernardini', '10000987', '1997-08-27'),
('Umberta', 'Bernasconi', '10000988', '1999-03-25'),
('Umberto', 'Berruti', '10000989', '1995-08-22'),
('Urania', 'Bertani', '10000990', '2004-04-14'),
('Urbano', 'Bertelli', '10000991', '2005-02-11'),
('Ursula', 'Berti', '10000992', '1995-01-19'),
('Valente', 'Bertini', '10000993', '2005-02-20'),
('Valentina', 'Bertoli', '10000994', '1995-08-26'),
('Valentino', 'Bertolini', '10000995', '1995-04-11'),
('Valeria', 'Bertolucci', '10000996', '2005-04-14'),
('Valerio', 'Bertone', '10000997', '1996-08-29'),
('Valerie', 'Bertoni', '10000998', '2000-01-16'),
('Valeriano', 'Betta', '10000999', '2004-08-24');

INSERT INTO Cdl (Nome_corso, Codice_corso)
VALUES
('Data Science', 'LM-DATA'), 
('Psicologia', 'L-24'), 
('Giurisprudenza', 'LMG/01'), 
('Archeologia', 'LM-2'), 
('Ingegneria Civile', 'L-7');

INSERT INTO Appello (Data_esame, Codice_insegnamento)
VALUES
('2025-02-25', 'STT-14'), 
('2025-05-16', 'MDL-8'), 
('2025-01-22', 'MCH-8'), 
('2025-09-25', 'BG-8'), 
('2025-03-28', 'CDN-6'), 
('2025-03-26', 'PSC-6'), 
('2025-02-17', 'DT-8'), 
('2025-02-27', 'PRV-12'), 
('2025-02-15', 'PSC-14'), 
('2025-05-28', 'PSC-62'), 
('2025-05-22', 'PSC-12'), 
('2025-03-22', 'STT-6'), 
('2025-02-11', 'STR-8'), 
('2025-01-14', 'PSC-63'), 
('2025-03-16', 'SCN-8'), 
('2025-01-28', 'NTR-6'), 
('2025-05-10', 'FLS-8'), 
('2025-09-28', 'GGR-6'), 
('2025-02-29', 'CNM-6'), 
('2025-09-13', 'DRT-6'), 
('2025-09-10', 'DRT-12'), 
('2025-02-13', 'DRT-8'), 
('2025-03-12', 'DRT-82'), 
('2025-01-16', 'FLS-6'), 
('2025-03-20', 'DRT-14'), 
('2025-01-26', 'DRT-83'), 
('2025-01-10', 'DRT-62'), 
('2025-03-18', 'DRT-63'), 
('2025-01-24', 'DRT-13'), 
('2025-01-18', 'NTR-8'), 
('2025-03-14', 'RCH-6'), 
('2025-05-25', 'GTT-12'), 
('2025-05-13', 'RCH-62'), 
('2025-03-24', 'RCH-8'), 
('2025-02-19', 'SSR-6'), 
('2025-09-22', 'NLS-8'), 
('2025-01-20', 'FSC-12'), 
('2025-09-19', 'CHM-6'), 
('2025-01-12', 'NLS-12'), 
('2025-03-10', 'MCC-6'), 
('2025-05-19', 'TPG-6'), 
('2025-02-23', 'GTC-12'), 
('2025-02-21', 'DRL-14'), 
('2025-09-16', 'SCN-14'), 
('2026-01-10', 'STT-14'), 
('2026-03-22', 'MDL-8'), 
('2026-01-28', 'MCH-8'), 
('2026-02-27', 'BG-8'), 
('2026-03-16', 'CDN-6'), 
('2026-03-12', 'PSC-6'), 
('2026-03-28', 'DT-8'), 
('2026-02-29', 'PRV-12'), 
('2026-03-14', 'PSC-14'), 
('2026-01-22', 'PSC-62'), 
('2026-02-21', 'PSC-12'), 
('2026-09-19', 'STT-6'), 
('2026-03-24', 'STR-8'), 
('2026-09-10', 'PSC-63'), 
('2026-09-22', 'SCN-8'), 
('2026-02-13', 'NTR-6'), 
('2026-05-16', 'FLS-8'), 
('2026-01-24', 'GGR-6'), 
('2026-02-19', 'CNM-6'), 
('2026-09-16', 'DRT-6'), 
('2026-05-13', 'DRT-12'), 
('2026-03-18', 'DRT-8'), 
('2026-03-20', 'DRT-82'), 
('2026-01-12', 'FLS-6'), 
('2026-02-17', 'DRT-14'), 
('2026-01-20', 'DRT-83'), 
('2026-05-22', 'DRT-62'), 
('2026-01-26', 'DRT-63'), 
('2026-02-15', 'DRT-13'), 
('2026-01-18', 'NTR-8'), 
('2026-09-25', 'RCH-6'), 
('2026-05-25', 'GTT-12'), 
('2026-03-26', 'RCH-62'), 
('2026-02-23', 'RCH-8'), 
('2026-05-28', 'SSR-6'), 
('2026-01-14', 'NLS-8'), 
('2026-09-28', 'FSC-12'), 
('2026-09-13', 'CHM-6'), 
('2026-05-19', 'NLS-12'), 
('2026-02-25', 'MCC-6'), 
('2026-02-11', 'TPG-6'), 
('2026-01-16', 'GTC-12'), 
('2026-03-10', 'DRL-14'), 
('2026-05-10', 'SCN-14');

INSERT INTO Sostiene (Voto, Lode, Matricola, Data_esame, Codice_insegnamento)
VALUES
(22, 0, 10000001, '2025-02-25', 'STT-14'), 
(23, 0, 10000001, '2025-05-16', 'MDL-8'), 
(24, 0, 10000001, '2025-01-22', 'MCH-8'), 
(29, 0, 10000001, '2025-09-25', 'BG-8'), 
(27, 0, 10000001, '2026-03-16', 'CDN-6'), 
(26, 0, 10000001, '2026-03-12', 'PSC-6'), 
(25, 0, 10000001, '2026-03-28', 'DT-8'), 
(30, 1, 10000001, '2026-02-29', 'PRV-12'), 
(30, 0, 10000007, '2025-02-25', 'STT-14'), 
(26, 0, 10000007, '2025-05-16', 'MDL-8'), 
(20, 0, 10000007, '2025-01-22', 'MCH-8'), 
(28, 0, 10000007, '2025-09-25', 'BG-8'), 
(24, 0, 10000007, '2026-03-16', 'CDN-6'), 
(24, 0, 10000007, '2026-03-12', 'PSC-6'), 
(23, 0, 10000007, '2026-03-28', 'DT-8'), 
(23, 0, 10000007, '2026-02-29', 'PRV-12'), 
(25, 0, 10000028, '2025-02-25', 'STT-14'), 
(29, 0, 10000028, '2025-05-16', 'MDL-8'), 
(18, 0, 10000028, '2025-01-22', 'MCH-8'), 
(19, 0, 10000028, '2025-09-25', 'BG-8'), 
(20, 0, 10000028, '2026-03-16', 'CDN-6'), 
(18, 0, 10000028, '2026-03-12', 'PSC-6'), 
(27, 0, 10000028, '2026-03-28', 'DT-8'), 
(20, 0, 10000028, '2026-02-29', 'PRV-12'), 
(24, 0, 10000920, '2025-09-22', 'NLS-8'), 
(26, 0, 10000920, '2025-01-20', 'FSC-12'), 
(18, 0, 10000920, '2025-09-19', 'CHM-6'), 
(28, 0, 10000920, '2025-01-12', 'NLS-12'), 
(24, 0, 10000920, '2026-02-25', 'MCC-6'), 
(30, 0, 10000920, '2026-02-11', 'TPG-6'), 
(27, 0, 10000920, '2026-01-16', 'GTC-12'), 
(22, 0, 10000920, '2026-03-10', 'DRL-14'), 
(29, 0, 10000920, '2026-05-10', 'SCN-14'), 
(18, 0, 10000925, '2025-09-22', 'NLS-8'), 
(21, 0, 10000925, '2025-01-20', 'FSC-12'), 
(29, 0, 10000925, '2025-09-19', 'CHM-6'), 
(23, 0, 10000925, '2025-01-12', 'NLS-12'), 
(30, 1, 10000925, '2026-02-25', 'MCC-6'), 
(29, 0, 10000925, '2026-02-11', 'TPG-6'), 
(30, 0, 10000925, '2026-01-16', 'GTC-12'), 
(27, 0, 10000925, '2026-03-10', 'DRL-14'), 
(25, 0, 10000925, '2026-05-10', 'SCN-14'), 
(22, 0, 10000989, '2025-09-22', 'NLS-8'), 
(21, 0, 10000989, '2025-01-20', 'FSC-12'), 
(30, 0, 10000989, '2025-09-19', 'CHM-6'), 
(23, 0, 10000989, '2025-01-12', 'NLS-12'), 
(25, 0, 10000989, '2026-02-25', 'MCC-6'), 
(28, 0, 10000989, '2026-02-11', 'TPG-6'), 
(30, 1, 10000989, '2026-01-16', 'GTC-12'), 
(30, 0, 10000989, '2026-03-10', 'DRL-14'), 
(30, 1, 10000989, '2026-05-10', 'SCN-14');

INSERT INTO Iscritto_A (Anno_iscrizione, Matricola, Codice_corso)
VALUES
('2025-09-21', 10000001, 'LM-DATA'), 
('2025-09-20', 10000002, 'LM-DATA'), 
('2026-09-27', 10000003, 'LM-DATA'), 
('2026-09-30', 10000004, 'LM-DATA'), 
('2025-09-22', 10000005, 'LM-DATA'), 
('2026-09-17', 10000006, 'LM-DATA'), 
('2026-09-20', 10000007, 'LM-DATA'), 
('2026-09-28', 10000008, 'LM-DATA'), 
('2026-09-23', 10000009, 'LM-DATA'), 
('2025-09-26', 10000010, 'LM-DATA'), 
('2024-09-15', 10000011, 'LM-DATA'), 
('2025-09-20', 10000012, 'LM-DATA'), 
('2026-09-19', 10000013, 'LM-DATA'), 
('2025-09-18', 10000014, 'LM-DATA'), 
('2026-09-15', 10000015, 'LM-DATA'), 
('2025-09-27', 10000016, 'LM-DATA'), 
('2025-09-20', 10000017, 'LM-DATA'), 
('2024-09-26', 10000018, 'LM-DATA'), 
('2026-09-29', 10000019, 'LM-DATA'), 
('2024-09-29', 10000020, 'LM-DATA'), 
('2026-09-29', 10000021, 'LM-DATA'), 
('2025-09-25', 10000022, 'LM-DATA'), 
('2024-09-22', 10000023, 'LM-DATA'), 
('2024-09-29', 10000024, 'LM-DATA'), 
('2024-09-26', 10000025, 'LM-DATA'), 
('2025-09-23', 10000026, 'LM-DATA'), 
('2025-09-24', 10000027, 'LM-DATA'), 
('2025-09-29', 10000028, 'LM-DATA'), 
('2024-09-15', 10000029, 'LM-DATA'), 
('2024-09-29', 10000030, 'LM-DATA'), 
('2025-09-17', 10000031, 'LM-DATA'), 
('2025-09-19', 10000032, 'LM-DATA'), 
('2024-09-30', 10000033, 'LM-DATA'), 
('2026-09-25', 10000034, 'LM-DATA'), 
('2026-09-22', 10000035, 'LM-DATA'), 
('2026-09-23', 10000036, 'LM-DATA'), 
('2026-09-22', 10000037, 'LM-DATA'), 
('2026-09-18', 10000038, 'LM-DATA'), 
('2025-09-19', 10000039, 'LM-DATA'), 
('2024-09-18', 10000040, 'LM-DATA'), 
('2025-09-23', 10000041, 'LM-DATA'), 
('2024-09-24', 10000042, 'LM-DATA'), 
('2026-09-22', 10000043, 'LM-DATA'), 
('2025-09-27', 10000044, 'LM-DATA'), 
('2026-09-23', 10000045, 'LM-DATA'), 
('2025-09-28', 10000046, 'LM-DATA'), 
('2024-09-16', 10000047, 'LM-DATA'), 
('2026-09-16', 10000048, 'LM-DATA'), 
('2026-09-23', 10000049, 'LM-DATA'), 
('2025-09-26', 10000050, 'LM-DATA'), 
('2025-09-18', 10000051, 'LM-DATA'), 
('2025-09-28', 10000052, 'LM-DATA'), 
('2026-09-22', 10000053, 'LM-DATA'), 
('2025-09-28', 10000054, 'LM-DATA'), 
('2024-09-17', 10000055, 'LM-DATA'), 
('2026-09-16', 10000056, 'LM-DATA'), 
('2026-09-16', 10000057, 'LM-DATA'), 
('2025-09-28', 10000058, 'LM-DATA'), 
('2025-09-25', 10000059, 'LM-DATA'), 
('2026-09-24', 10000060, 'LM-DATA'), 
('2025-09-28', 10000061, 'LM-DATA'), 
('2025-09-18', 10000062, 'LM-DATA'), 
('2026-09-26', 10000063, 'LM-DATA'), 
('2025-09-16', 10000064, 'LM-DATA'), 
('2026-09-29', 10000065, 'LM-DATA'), 
('2024-09-30', 10000066, 'LM-DATA'), 
('2024-09-17', 10000067, 'LM-DATA'), 
('2025-09-29', 10000068, 'LM-DATA'), 
('2026-09-25', 10000069, 'LM-DATA'), 
('2024-09-30', 10000070, 'LM-DATA'), 
('2025-09-18', 10000071, 'LM-DATA'), 
('2025-09-18', 10000072, 'LM-DATA'), 
('2026-09-28', 10000073, 'LM-DATA'), 
('2026-09-17', 10000074, 'LM-DATA'), 
('2026-09-17', 10000075, 'LM-DATA'), 
('2026-09-29', 10000076, 'LM-DATA'), 
('2024-09-30', 10000077, 'LM-DATA'), 
('2024-09-26', 10000078, 'LM-DATA'), 
('2024-09-21', 10000079, 'LM-DATA'), 
('2025-09-29', 10000080, 'LM-DATA'), 
('2024-09-30', 10000081, 'LM-DATA'), 
('2025-09-18', 10000082, 'LM-DATA'), 
('2025-09-16', 10000083, 'LM-DATA'), 
('2026-09-28', 10000084, 'LM-DATA'), 
('2024-09-16', 10000085, 'LM-DATA'), 
('2026-09-27', 10000086, 'LM-DATA'), 
('2026-09-30', 10000087, 'LM-DATA'), 
('2025-09-30', 10000088, 'LM-DATA'), 
('2026-09-27', 10000089, 'LM-DATA'), 
('2025-09-22', 10000090, 'LM-DATA'), 
('2026-09-25', 10000091, 'LM-DATA'), 
('2024-09-30', 10000092, 'LM-DATA'), 
('2025-09-24', 10000093, 'LM-DATA'), 
('2026-09-16', 10000094, 'LM-DATA'), 
('2025-09-30', 10000095, 'LM-DATA'), 
('2026-09-22', 10000096, 'LM-DATA'), 
('2026-09-30', 10000097, 'LM-DATA'), 
('2026-09-27', 10000098, 'LM-DATA'), 
('2025-09-29', 10000099, 'LM-DATA'), 
('2024-09-25', 10000100, 'LM-DATA'), 
('2025-09-19', 10000101, 'LM-DATA'), 
('2024-09-25', 10000102, 'LM-DATA'), 
('2025-09-20', 10000103, 'LM-DATA'), 
('2024-09-15', 10000104, 'LM-DATA'), 
('2024-09-19', 10000105, 'LM-DATA'), 
('2024-09-21', 10000106, 'LM-DATA'), 
('2024-09-21', 10000107, 'LM-DATA'), 
('2024-09-17', 10000108, 'LM-DATA'), 
('2024-09-22', 10000109, 'LM-DATA'), 
('2025-09-24', 10000110, 'LM-DATA'), 
('2024-09-30', 10000111, 'LM-DATA'), 
('2024-09-19', 10000112, 'LM-DATA'), 
('2026-09-28', 10000113, 'LM-DATA'), 
('2026-09-27', 10000114, 'LM-DATA'), 
('2024-09-30', 10000115, 'LM-DATA'), 
('2025-09-23', 10000116, 'LM-DATA'), 
('2026-09-19', 10000117, 'LM-DATA'), 
('2025-09-28', 10000118, 'LM-DATA'), 
('2025-09-16', 10000119, 'LM-DATA'), 
('2026-09-27', 10000120, 'LM-DATA'), 
('2025-09-27', 10000121, 'LM-DATA'), 
('2024-09-29', 10000122, 'LM-DATA'), 
('2026-09-28', 10000123, 'LM-DATA'), 
('2024-09-30', 10000124, 'LM-DATA'), 
('2024-09-26', 10000125, 'LM-DATA'), 
('2024-09-27', 10000126, 'LM-DATA'), 
('2026-09-27', 10000127, 'LM-DATA'), 
('2026-09-26', 10000128, 'LM-DATA'), 
('2025-09-28', 10000129, 'LM-DATA'), 
('2026-09-16', 10000130, 'LM-DATA'), 
('2026-09-19', 10000131, 'LM-DATA'), 
('2025-09-16', 10000132, 'LM-DATA'), 
('2025-09-22', 10000133, 'LM-DATA'), 
('2024-09-24', 10000134, 'LM-DATA'), 
('2025-09-21', 10000135, 'LM-DATA'), 
('2026-09-23', 10000136, 'LM-DATA'), 
('2026-09-15', 10000137, 'LM-DATA'), 
('2024-09-18', 10000138, 'LM-DATA'), 
('2024-09-28', 10000139, 'LM-DATA'), 
('2024-09-25', 10000140, 'LM-DATA'), 
('2024-09-24', 10000141, 'LM-DATA'), 
('2024-09-25', 10000142, 'LM-DATA'), 
('2024-09-27', 10000143, 'LM-DATA'), 
('2025-09-20', 10000144, 'LM-DATA'), 
('2025-09-28', 10000145, 'LM-DATA'), 
('2025-09-27', 10000146, 'LM-DATA'), 
('2026-09-24', 10000147, 'LM-DATA'), 
('2025-09-29', 10000148, 'LM-DATA'), 
('2025-09-16', 10000149, 'LM-DATA'), 
('2026-09-15', 10000150, 'LM-DATA'), 
('2025-09-26', 10000151, 'LM-DATA'), 
('2026-09-25', 10000152, 'LM-DATA'), 
('2026-09-20', 10000153, 'LM-DATA'), 
('2026-09-20', 10000154, 'LM-DATA'), 
('2024-09-17', 10000155, 'LM-DATA'), 
('2026-09-15', 10000156, 'LM-DATA'), 
('2025-09-19', 10000157, 'LM-DATA'), 
('2025-09-29', 10000158, 'LM-DATA'), 
('2024-09-28', 10000159, 'LM-DATA'), 
('2024-09-19', 10000160, 'LM-DATA'), 
('2024-09-29', 10000161, 'LM-DATA'), 
('2025-09-16', 10000162, 'LM-DATA'), 
('2026-09-17', 10000163, 'LM-DATA'), 
('2025-09-25', 10000164, 'LM-DATA'), 
('2024-09-22', 10000165, 'LM-DATA'), 
('2026-09-26', 10000166, 'LM-DATA'), 
('2025-09-24', 10000167, 'LM-DATA'), 
('2025-09-16', 10000168, 'LM-DATA'), 
('2025-09-19', 10000169, 'LM-DATA'), 
('2026-09-17', 10000170, 'LM-DATA'), 
('2024-09-30', 10000171, 'LM-DATA'), 
('2024-09-21', 10000172, 'LM-DATA'), 
('2024-09-15', 10000173, 'LM-DATA'), 
('2024-09-23', 10000174, 'LM-DATA'), 
('2026-09-29', 10000175, 'LM-DATA'), 
('2026-09-28', 10000176, 'LM-DATA'), 
('2026-09-30', 10000177, 'LM-DATA'), 
('2025-09-17', 10000178, 'LM-DATA'), 
('2025-09-17', 10000179, 'LM-DATA'), 
('2025-09-19', 10000180, 'LM-DATA'), 
('2026-09-21', 10000181, 'LM-DATA'), 
('2024-09-22', 10000182, 'LM-DATA'), 
('2026-09-18', 10000183, 'LM-DATA'), 
('2025-09-27', 10000184, 'LM-DATA'), 
('2025-09-21', 10000185, 'LM-DATA'), 
('2024-09-25', 10000186, 'LM-DATA'), 
('2025-09-27', 10000187, 'LM-DATA'), 
('2025-09-16', 10000188, 'LM-DATA'), 
('2025-09-26', 10000189, 'LM-DATA'), 
('2025-09-22', 10000190, 'LM-DATA'), 
('2024-09-18', 10000191, 'LM-DATA'), 
('2025-09-16', 10000192, 'LM-DATA'), 
('2025-09-24', 10000193, 'LM-DATA'), 
('2026-09-15', 10000194, 'LM-DATA'), 
('2024-09-16', 10000195, 'LM-DATA'), 
('2025-09-16', 10000196, 'LM-DATA'), 
('2025-09-19', 10000197, 'LM-DATA'), 
('2026-09-15', 10000198, 'LM-DATA'), 
('2026-09-16', 10000199, 'LM-DATA'), 
('2025-09-20', 10000200, 'LM-DATA'), 
('2024-09-24', 10000201, 'LM-DATA'), 
('2024-09-22', 10000202, 'LM-DATA'), 
('2026-09-25', 10000203, 'LM-DATA'), 
('2025-09-22', 10000204, 'LM-DATA'), 
('2024-09-24', 10000205, 'LM-DATA'), 
('2024-09-29', 10000206, 'LM-DATA'), 
('2024-09-30', 10000207, 'LM-DATA'), 
('2025-09-18', 10000208, 'LM-DATA'), 
('2024-09-27', 10000209, 'LM-DATA'), 
('2025-09-23', 10000210, 'LM-DATA'), 
('2024-09-26', 10000211, 'LM-DATA'), 
('2025-09-27', 10000212, 'LM-DATA'), 
('2024-09-20', 10000213, 'LM-DATA'), 
('2026-09-21', 10000214, 'L-24'), 
('2026-09-23', 10000215, 'L-24'), 
('2025-09-17', 10000216, 'L-24'), 
('2026-09-15', 10000217, 'L-24'), 
('2026-09-19', 10000218, 'L-24'), 
('2025-09-20', 10000219, 'L-24'), 
('2026-09-19', 10000220, 'L-24'), 
('2025-09-27', 10000221, 'L-24'), 
('2024-09-21', 10000222, 'L-24'), 
('2025-09-23', 10000223, 'L-24'), 
('2024-09-25', 10000224, 'L-24'), 
('2024-09-24', 10000225, 'L-24'), 
('2026-09-15', 10000226, 'L-24'), 
('2024-09-26', 10000227, 'L-24'), 
('2025-09-29', 10000228, 'L-24'), 
('2025-09-21', 10000229, 'L-24'), 
('2025-09-21', 10000230, 'L-24'), 
('2024-09-30', 10000231, 'L-24'), 
('2025-09-16', 10000232, 'L-24'), 
('2024-09-16', 10000233, 'L-24'), 
('2026-09-22', 10000234, 'L-24'), 
('2024-09-19', 10000235, 'L-24'), 
('2024-09-19', 10000236, 'L-24'), 
('2026-09-28', 10000237, 'L-24'), 
('2025-09-22', 10000238, 'L-24'), 
('2025-09-19', 10000239, 'L-24'), 
('2024-09-30', 10000240, 'L-24'), 
('2025-09-27', 10000241, 'L-24'), 
('2024-09-23', 10000242, 'L-24'), 
('2026-09-22', 10000243, 'L-24'), 
('2025-09-24', 10000244, 'L-24'), 
('2026-09-21', 10000245, 'L-24'), 
('2024-09-16', 10000246, 'L-24'), 
('2025-09-19', 10000247, 'L-24'), 
('2026-09-17', 10000248, 'L-24'), 
('2026-09-17', 10000249, 'L-24'), 
('2025-09-26', 10000250, 'L-24'), 
('2026-09-16', 10000251, 'L-24'), 
('2026-09-26', 10000252, 'L-24'), 
('2025-09-17', 10000253, 'L-24'), 
('2025-09-21', 10000254, 'L-24'), 
('2024-09-19', 10000255, 'L-24'), 
('2025-09-20', 10000256, 'L-24'), 
('2026-09-15', 10000257, 'L-24'), 
('2025-09-30', 10000258, 'L-24'), 
('2024-09-30', 10000259, 'L-24'), 
('2024-09-19', 10000260, 'L-24'), 
('2025-09-25', 10000261, 'L-24'), 
('2024-09-26', 10000262, 'L-24'), 
('2024-09-18', 10000263, 'L-24'), 
('2025-09-17', 10000264, 'L-24'), 
('2025-09-26', 10000265, 'L-24'), 
('2026-09-28', 10000266, 'L-24'), 
('2024-09-16', 10000267, 'L-24'), 
('2026-09-26', 10000268, 'L-24'), 
('2026-09-19', 10000269, 'L-24'), 
('2025-09-22', 10000270, 'L-24'), 
('2025-09-15', 10000271, 'L-24'), 
('2024-09-29', 10000272, 'L-24'), 
('2024-09-26', 10000273, 'L-24'), 
('2025-09-16', 10000274, 'L-24'), 
('2025-09-16', 10000275, 'L-24'), 
('2025-09-15', 10000276, 'L-24'), 
('2024-09-29', 10000277, 'L-24'), 
('2024-09-17', 10000278, 'L-24'), 
('2024-09-20', 10000279, 'L-24'), 
('2024-09-22', 10000280, 'L-24'), 
('2026-09-23', 10000281, 'L-24'), 
('2026-09-21', 10000282, 'L-24'), 
('2026-09-19', 10000283, 'L-24'), 
('2025-09-18', 10000284, 'L-24'), 
('2025-09-18', 10000285, 'L-24'), 
('2024-09-28', 10000286, 'L-24'), 
('2024-09-17', 10000287, 'L-24'), 
('2026-09-30', 10000288, 'L-24'), 
('2026-09-29', 10000289, 'L-24'), 
('2026-09-30', 10000290, 'L-24'), 
('2025-09-18', 10000291, 'L-24'), 
('2024-09-29', 10000292, 'L-24'), 
('2024-09-16', 10000293, 'L-24'), 
('2025-09-17', 10000294, 'L-24'), 
('2025-09-15', 10000295, 'L-24'), 
('2026-09-28', 10000296, 'L-24'), 
('2024-09-23', 10000297, 'L-24'), 
('2026-09-30', 10000298, 'L-24'), 
('2025-09-22', 10000299, 'L-24'), 
('2026-09-27', 10000300, 'L-24'), 
('2025-09-22', 10000301, 'L-24'), 
('2025-09-26', 10000302, 'L-24'), 
('2026-09-29', 10000303, 'L-24'), 
('2024-09-26', 10000304, 'L-24'), 
('2025-09-25', 10000305, 'L-24'), 
('2025-09-24', 10000306, 'L-24'), 
('2026-09-29', 10000307, 'L-24'), 
('2025-09-20', 10000308, 'L-24'), 
('2026-09-15', 10000309, 'L-24'), 
('2026-09-29', 10000310, 'L-24'), 
('2026-09-27', 10000311, 'L-24'), 
('2024-09-27', 10000312, 'L-24'), 
('2026-09-22', 10000313, 'L-24'), 
('2025-09-27', 10000314, 'L-24'), 
('2025-09-23', 10000315, 'L-24'), 
('2025-09-17', 10000316, 'L-24'), 
('2026-09-19', 10000317, 'L-24'), 
('2026-09-22', 10000318, 'L-24'), 
('2025-09-18', 10000319, 'L-24'), 
('2024-09-25', 10000320, 'L-24'), 
('2024-09-21', 10000321, 'L-24'), 
('2024-09-25', 10000322, 'L-24'), 
('2026-09-28', 10000323, 'L-24'), 
('2024-09-24', 10000324, 'L-24'), 
('2024-09-21', 10000325, 'L-24'), 
('2025-09-19', 10000326, 'L-24'), 
('2024-09-30', 10000327, 'L-24'), 
('2025-09-29', 10000328, 'L-24'), 
('2025-09-17', 10000329, 'L-24'), 
('2025-09-30', 10000330, 'L-24'), 
('2025-09-18', 10000331, 'L-24'), 
('2024-09-22', 10000332, 'L-24'), 
('2026-09-23', 10000333, 'L-24'), 
('2026-09-19', 10000334, 'L-24'), 
('2025-09-30', 10000335, 'L-24'), 
('2024-09-22', 10000336, 'L-24'), 
('2024-09-24', 10000337, 'L-24'), 
('2025-09-24', 10000338, 'L-24'), 
('2024-09-17', 10000339, 'L-24'), 
('2026-09-19', 10000340, 'L-24'), 
('2025-09-18', 10000341, 'L-24'), 
('2025-09-25', 10000342, 'L-24'), 
('2026-09-21', 10000343, 'L-24'), 
('2026-09-26', 10000344, 'L-24'), 
('2024-09-23', 10000345, 'L-24'), 
('2024-09-24', 10000346, 'L-24'), 
('2024-09-28', 10000347, 'L-24'), 
('2024-09-18', 10000348, 'L-24'), 
('2024-09-23', 10000349, 'L-24'), 
('2024-09-15', 10000350, 'L-24'), 
('2026-09-19', 10000351, 'L-24'), 
('2025-09-22', 10000352, 'L-24'), 
('2025-09-30', 10000353, 'L-24'), 
('2024-09-19', 10000354, 'L-24'), 
('2025-09-16', 10000355, 'L-24'), 
('2025-09-20', 10000356, 'L-24'), 
('2026-09-19', 10000357, 'L-24'), 
('2025-09-26', 10000358, 'L-24'), 
('2025-09-24', 10000359, 'L-24'), 
('2026-09-23', 10000360, 'L-24'), 
('2026-09-26', 10000361, 'L-24'), 
('2025-09-19', 10000362, 'L-24'), 
('2026-09-26', 10000363, 'L-24'), 
('2026-09-19', 10000364, 'L-24'), 
('2025-09-18', 10000365, 'L-24'), 
('2024-09-18', 10000366, 'L-24'), 
('2026-09-18', 10000367, 'L-24'), 
('2024-09-30', 10000368, 'L-24'), 
('2026-09-21', 10000369, 'LMG/01'), 
('2026-09-20', 10000370, 'LMG/01'), 
('2026-09-22', 10000371, 'LMG/01'), 
('2026-09-15', 10000372, 'LMG/01'), 
('2025-09-26', 10000373, 'LMG/01'), 
('2025-09-28', 10000374, 'LMG/01'), 
('2024-09-29', 10000375, 'LMG/01'), 
('2026-09-23', 10000376, 'LMG/01'), 
('2026-09-21', 10000377, 'LMG/01'), 
('2024-09-30', 10000378, 'LMG/01'), 
('2025-09-18', 10000379, 'LMG/01'), 
('2024-09-17', 10000380, 'LMG/01'), 
('2025-09-24', 10000381, 'LMG/01'), 
('2026-09-20', 10000382, 'LMG/01'), 
('2026-09-16', 10000383, 'LMG/01'), 
('2024-09-21', 10000384, 'LMG/01'), 
('2025-09-26', 10000385, 'LMG/01'), 
('2024-09-17', 10000386, 'LMG/01'), 
('2025-09-29', 10000387, 'LMG/01'), 
('2024-09-26', 10000388, 'LMG/01'), 
('2026-09-22', 10000389, 'LMG/01'), 
('2025-09-16', 10000390, 'LMG/01'), 
('2024-09-20', 10000391, 'LMG/01'), 
('2025-09-25', 10000392, 'LMG/01'), 
('2026-09-22', 10000393, 'LMG/01'), 
('2024-09-27', 10000394, 'LMG/01'), 
('2026-09-23', 10000395, 'LMG/01'), 
('2026-09-22', 10000396, 'LMG/01'), 
('2025-09-21', 10000397, 'LMG/01'), 
('2026-09-22', 10000398, 'LMG/01'), 
('2024-09-29', 10000399, 'LMG/01'), 
('2024-09-15', 10000400, 'LMG/01'), 
('2024-09-19', 10000401, 'LMG/01'), 
('2026-09-30', 10000402, 'LMG/01'), 
('2026-09-29', 10000403, 'LMG/01'), 
('2025-09-30', 10000404, 'LMG/01'), 
('2025-09-19', 10000405, 'LMG/01'), 
('2026-09-23', 10000406, 'LMG/01'), 
('2025-09-17', 10000407, 'LMG/01'), 
('2026-09-28', 10000408, 'LMG/01'), 
('2026-09-24', 10000409, 'LMG/01'), 
('2026-09-19', 10000410, 'LMG/01'), 
('2025-09-25', 10000411, 'LMG/01'), 
('2025-09-26', 10000412, 'LMG/01'), 
('2024-09-29', 10000413, 'LMG/01'), 
('2026-09-29', 10000414, 'LMG/01'), 
('2024-09-26', 10000415, 'LMG/01'), 
('2024-09-29', 10000416, 'LMG/01'), 
('2024-09-28', 10000417, 'LMG/01'), 
('2024-09-16', 10000418, 'LMG/01'), 
('2026-09-25', 10000419, 'LMG/01'), 
('2024-09-15', 10000420, 'LMG/01'), 
('2025-09-20', 10000421, 'LMG/01'), 
('2025-09-22', 10000422, 'LMG/01'), 
('2026-09-16', 10000423, 'LMG/01'), 
('2026-09-19', 10000424, 'LMG/01'), 
('2024-09-28', 10000425, 'LMG/01'), 
('2024-09-17', 10000426, 'LMG/01'), 
('2025-09-19', 10000427, 'LMG/01'), 
('2026-09-21', 10000428, 'LMG/01'), 
('2024-09-18', 10000429, 'LMG/01'), 
('2024-09-22', 10000430, 'LMG/01'), 
('2026-09-22', 10000431, 'LMG/01'), 
('2024-09-24', 10000432, 'LMG/01'), 
('2026-09-15', 10000433, 'LMG/01'), 
('2024-09-28', 10000434, 'LMG/01'), 
('2025-09-21', 10000435, 'LMG/01'), 
('2025-09-21', 10000436, 'LMG/01'), 
('2026-09-15', 10000437, 'LMG/01'), 
('2026-09-21', 10000438, 'LMG/01'), 
('2025-09-24', 10000439, 'LMG/01'), 
('2025-09-21', 10000440, 'LMG/01'), 
('2024-09-22', 10000441, 'LMG/01'), 
('2026-09-25', 10000442, 'LMG/01'), 
('2026-09-23', 10000443, 'LMG/01'), 
('2025-09-17', 10000444, 'LMG/01'), 
('2024-09-25', 10000445, 'LMG/01'), 
('2025-09-25', 10000446, 'LMG/01'), 
('2025-09-26', 10000447, 'LMG/01'), 
('2025-09-29', 10000448, 'LMG/01'), 
('2024-09-24', 10000449, 'LMG/01'), 
('2025-09-16', 10000450, 'LMG/01'), 
('2025-09-29', 10000451, 'LMG/01'), 
('2025-09-28', 10000452, 'LMG/01'), 
('2024-09-30', 10000453, 'LMG/01'), 
('2024-09-24', 10000454, 'LMG/01'), 
('2024-09-20', 10000455, 'LMG/01'), 
('2024-09-26', 10000456, 'LMG/01'), 
('2024-09-30', 10000457, 'LMG/01'), 
('2025-09-29', 10000458, 'LMG/01'), 
('2025-09-19', 10000459, 'LMG/01'), 
('2024-09-22', 10000460, 'LMG/01'), 
('2026-09-20', 10000461, 'LMG/01'), 
('2026-09-17', 10000462, 'LMG/01'), 
('2024-09-17', 10000463, 'LMG/01'), 
('2026-09-19', 10000464, 'LMG/01'), 
('2025-09-20', 10000465, 'LMG/01'), 
('2026-09-25', 10000466, 'LMG/01'), 
('2024-09-15', 10000467, 'LMG/01'), 
('2024-09-22', 10000468, 'LMG/01'), 
('2024-09-20', 10000469, 'LMG/01'), 
('2025-09-22', 10000470, 'LMG/01'), 
('2025-09-19', 10000471, 'LMG/01'), 
('2026-09-15', 10000472, 'LMG/01'), 
('2026-09-23', 10000473, 'LMG/01'), 
('2024-09-29', 10000474, 'LMG/01'), 
('2025-09-15', 10000475, 'LMG/01'), 
('2026-09-19', 10000476, 'LMG/01'), 
('2024-09-19', 10000477, 'LMG/01'), 
('2024-09-28', 10000478, 'LMG/01'), 
('2025-09-24', 10000479, 'LMG/01'), 
('2026-09-23', 10000480, 'LMG/01'), 
('2025-09-29', 10000481, 'LMG/01'), 
('2024-09-21', 10000482, 'LMG/01'), 
('2025-09-18', 10000483, 'LMG/01'), 
('2025-09-15', 10000484, 'LMG/01'), 
('2024-09-22', 10000485, 'LMG/01'), 
('2025-09-17', 10000486, 'LMG/01'), 
('2026-09-22', 10000487, 'LMG/01'), 
('2026-09-28', 10000488, 'LMG/01'), 
('2025-09-24', 10000489, 'LMG/01'), 
('2025-09-17', 10000490, 'LMG/01'), 
('2025-09-21', 10000491, 'LMG/01'), 
('2026-09-15', 10000492, 'LMG/01'), 
('2026-09-21', 10000493, 'LMG/01'), 
('2026-09-23', 10000494, 'LMG/01'), 
('2024-09-18', 10000495, 'LMG/01'), 
('2026-09-19', 10000496, 'LMG/01'), 
('2024-09-15', 10000497, 'LMG/01'), 
('2025-09-17', 10000498, 'LMG/01'), 
('2024-09-18', 10000499, 'LMG/01'), 
('2024-09-26', 10000500, 'LMG/01'), 
('2025-09-20', 10000501, 'LMG/01'), 
('2026-09-29', 10000502, 'LMG/01'), 
('2026-09-21', 10000503, 'LMG/01'), 
('2026-09-19', 10000504, 'LMG/01'), 
('2025-09-27', 10000505, 'LMG/01'), 
('2025-09-20', 10000506, 'LMG/01'), 
('2025-09-17', 10000507, 'LMG/01'), 
('2025-09-15', 10000508, 'LMG/01'), 
('2025-09-29', 10000509, 'LMG/01'), 
('2025-09-26', 10000510, 'LMG/01'), 
('2025-09-29', 10000511, 'LMG/01'), 
('2026-09-27', 10000512, 'LMG/01'), 
('2026-09-19', 10000513, 'LMG/01'), 
('2026-09-18', 10000514, 'LMG/01'), 
('2026-09-28', 10000515, 'LMG/01'), 
('2026-09-16', 10000516, 'LMG/01'), 
('2025-09-18', 10000517, 'LMG/01'), 
('2025-09-17', 10000518, 'LMG/01'), 
('2025-09-30', 10000519, 'LMG/01'), 
('2026-09-25', 10000520, 'LMG/01'), 
('2026-09-26', 10000521, 'LM-2'), 
('2025-09-20', 10000522, 'LM-2'), 
('2024-09-30', 10000523, 'LM-2'), 
('2024-09-29', 10000524, 'LM-2'), 
('2025-09-16', 10000525, 'LM-2'), 
('2025-09-25', 10000526, 'LM-2'), 
('2024-09-15', 10000527, 'LM-2'), 
('2024-09-16', 10000528, 'LM-2'), 
('2025-09-21', 10000529, 'LM-2'), 
('2024-09-28', 10000530, 'LM-2'), 
('2026-09-29', 10000531, 'LM-2'), 
('2026-09-17', 10000532, 'LM-2'), 
('2026-09-17', 10000533, 'LM-2'), 
('2025-09-25', 10000534, 'LM-2'), 
('2026-09-24', 10000535, 'LM-2'), 
('2025-09-17', 10000536, 'LM-2'), 
('2024-09-29', 10000537, 'LM-2'), 
('2025-09-23', 10000538, 'LM-2'), 
('2026-09-18', 10000539, 'LM-2'), 
('2024-09-22', 10000540, 'LM-2'), 
('2026-09-17', 10000541, 'LM-2'), 
('2024-09-22', 10000542, 'LM-2'), 
('2024-09-23', 10000543, 'LM-2'), 
('2025-09-21', 10000544, 'LM-2'), 
('2026-09-23', 10000545, 'LM-2'), 
('2024-09-19', 10000546, 'LM-2'), 
('2024-09-28', 10000547, 'LM-2'), 
('2024-09-23', 10000548, 'LM-2'), 
('2025-09-20', 10000549, 'LM-2'), 
('2024-09-15', 10000550, 'LM-2'), 
('2024-09-29', 10000551, 'LM-2'), 
('2026-09-29', 10000552, 'LM-2'), 
('2026-09-26', 10000553, 'LM-2'), 
('2024-09-16', 10000554, 'LM-2'), 
('2026-09-21', 10000555, 'LM-2'), 
('2024-09-22', 10000556, 'LM-2'), 
('2024-09-23', 10000557, 'LM-2'), 
('2025-09-17', 10000558, 'LM-2'), 
('2026-09-26', 10000559, 'LM-2'), 
('2025-09-21', 10000560, 'LM-2'), 
('2025-09-20', 10000561, 'LM-2'), 
('2024-09-26', 10000562, 'LM-2'), 
('2025-09-19', 10000563, 'LM-2'), 
('2026-09-25', 10000564, 'LM-2'), 
('2024-09-16', 10000565, 'LM-2'), 
('2025-09-20', 10000566, 'LM-2'), 
('2025-09-28', 10000567, 'LM-2'), 
('2025-09-30', 10000568, 'LM-2'), 
('2024-09-27', 10000569, 'LM-2'), 
('2026-09-30', 10000570, 'LM-2'), 
('2026-09-15', 10000571, 'LM-2'), 
('2026-09-19', 10000572, 'LM-2'), 
('2024-09-15', 10000573, 'LM-2'), 
('2024-09-27', 10000574, 'LM-2'), 
('2024-09-17', 10000575, 'LM-2'), 
('2025-09-25', 10000576, 'LM-2'), 
('2026-09-24', 10000577, 'LM-2'), 
('2025-09-29', 10000578, 'LM-2'), 
('2025-09-20', 10000579, 'LM-2'), 
('2024-09-16', 10000580, 'LM-2'), 
('2024-09-26', 10000581, 'LM-2'), 
('2025-09-16', 10000582, 'LM-2'), 
('2026-09-16', 10000583, 'LM-2'), 
('2025-09-17', 10000584, 'LM-2'), 
('2026-09-24', 10000585, 'LM-2'), 
('2026-09-27', 10000586, 'LM-2'), 
('2025-09-28', 10000587, 'LM-2'), 
('2024-09-16', 10000588, 'LM-2'), 
('2025-09-25', 10000589, 'LM-2'), 
('2025-09-18', 10000590, 'LM-2'), 
('2026-09-15', 10000591, 'L-7'), 
('2026-09-28', 10000592, 'L-7'), 
('2024-09-28', 10000593, 'L-7'), 
('2026-09-19', 10000594, 'L-7'), 
('2024-09-23', 10000595, 'L-7'), 
('2025-09-17', 10000596, 'L-7'), 
('2026-09-15', 10000597, 'L-7'), 
('2025-09-17', 10000598, 'L-7'), 
('2026-09-17', 10000599, 'L-7'), 
('2025-09-20', 10000600, 'L-7'), 
('2025-09-21', 10000601, 'L-7'), 
('2026-09-15', 10000602, 'L-7'), 
('2024-09-18', 10000603, 'L-7'), 
('2024-09-28', 10000604, 'L-7'), 
('2025-09-23', 10000605, 'L-7'), 
('2024-09-28', 10000606, 'L-7'), 
('2025-09-20', 10000607, 'L-7'), 
('2026-09-15', 10000608, 'L-7'), 
('2024-09-19', 10000609, 'L-7'), 
('2026-09-23', 10000610, 'L-7'), 
('2025-09-26', 10000611, 'L-7'), 
('2026-09-29', 10000612, 'L-7'), 
('2024-09-22', 10000613, 'L-7'), 
('2026-09-26', 10000614, 'L-7'), 
('2025-09-19', 10000615, 'L-7'), 
('2025-09-24', 10000616, 'L-7'), 
('2024-09-20', 10000617, 'L-7'), 
('2024-09-24', 10000618, 'L-7'), 
('2026-09-23', 10000619, 'L-7'), 
('2025-09-17', 10000620, 'L-7'), 
('2024-09-18', 10000621, 'L-7'), 
('2026-09-21', 10000622, 'L-7'), 
('2026-09-30', 10000623, 'L-7'), 
('2024-09-23', 10000624, 'L-7'), 
('2025-09-16', 10000625, 'L-7'), 
('2024-09-15', 10000626, 'L-7'), 
('2026-09-21', 10000627, 'L-7'), 
('2025-09-18', 10000628, 'L-7'), 
('2024-09-23', 10000629, 'L-7'), 
('2026-09-22', 10000630, 'L-7'), 
('2024-09-27', 10000631, 'L-7'), 
('2026-09-22', 10000632, 'L-7'), 
('2024-09-24', 10000633, 'L-7'), 
('2025-09-24', 10000634, 'L-7'), 
('2024-09-21', 10000635, 'L-7'), 
('2025-09-28', 10000636, 'L-7'), 
('2025-09-25', 10000637, 'L-7'), 
('2025-09-29', 10000638, 'L-7'), 
('2026-09-30', 10000639, 'L-7'), 
('2025-09-18', 10000640, 'L-7'), 
('2025-09-16', 10000641, 'L-7'), 
('2024-09-27', 10000642, 'L-7'), 
('2026-09-18', 10000643, 'L-7'), 
('2024-09-17', 10000644, 'L-7'), 
('2025-09-17', 10000645, 'L-7'), 
('2024-09-25', 10000646, 'L-7'), 
('2025-09-25', 10000647, 'L-7'), 
('2024-09-21', 10000648, 'L-7'), 
('2024-09-17', 10000649, 'L-7'), 
('2024-09-18', 10000650, 'L-7'), 
('2026-09-25', 10000651, 'L-7'), 
('2024-09-30', 10000652, 'L-7'), 
('2026-09-20', 10000653, 'L-7'), 
('2026-09-19', 10000654, 'L-7'), 
('2025-09-26', 10000655, 'L-7'), 
('2026-09-17', 10000656, 'L-7'), 
('2026-09-30', 10000657, 'L-7'), 
('2025-09-22', 10000658, 'L-7'), 
('2024-09-23', 10000659, 'L-7'), 
('2026-09-26', 10000660, 'L-7'), 
('2025-09-22', 10000661, 'L-7'), 
('2026-09-23', 10000662, 'L-7'), 
('2026-09-20', 10000663, 'L-7'), 
('2025-09-20', 10000664, 'L-7'), 
('2026-09-26', 10000665, 'L-7'), 
('2025-09-15', 10000666, 'L-7'), 
('2024-09-26', 10000667, 'L-7'), 
('2024-09-16', 10000668, 'L-7'), 
('2024-09-15', 10000669, 'L-7'), 
('2025-09-18', 10000670, 'L-7'), 
('2025-09-20', 10000671, 'L-7'), 
('2026-09-24', 10000672, 'L-7'), 
('2026-09-28', 10000673, 'L-7'), 
('2026-09-29', 10000674, 'L-7'), 
('2024-09-27', 10000675, 'L-7'), 
('2025-09-26', 10000676, 'L-7'), 
('2025-09-16', 10000677, 'L-7'), 
('2025-09-21', 10000678, 'L-7'), 
('2026-09-29', 10000679, 'L-7'), 
('2026-09-30', 10000680, 'L-7'), 
('2026-09-26', 10000681, 'L-7'), 
('2025-09-22', 10000682, 'L-7'), 
('2026-09-17', 10000683, 'L-7'), 
('2024-09-15', 10000684, 'L-7'), 
('2024-09-27', 10000685, 'L-7'), 
('2025-09-19', 10000686, 'L-7'), 
('2025-09-19', 10000687, 'L-7'), 
('2024-09-26', 10000688, 'L-7'), 
('2025-09-15', 10000689, 'L-7'), 
('2025-09-25', 10000690, 'L-7'), 
('2026-09-22', 10000691, 'L-7'), 
('2025-09-29', 10000692, 'L-7'), 
('2025-09-30', 10000693, 'L-7'), 
('2026-09-23', 10000694, 'L-7'), 
('2026-09-18', 10000695, 'L-7'), 
('2025-09-23', 10000696, 'L-7'), 
('2025-09-25', 10000697, 'L-7'), 
('2024-09-25', 10000698, 'L-7'), 
('2026-09-27', 10000699, 'L-7'), 
('2026-09-19', 10000700, 'L-7'), 
('2026-09-24', 10000701, 'L-7'), 
('2025-09-29', 10000702, 'L-7'), 
('2025-09-24', 10000703, 'L-7'), 
('2026-09-20', 10000704, 'L-7'), 
('2025-09-27', 10000705, 'L-7'), 
('2024-09-29', 10000706, 'L-7'), 
('2025-09-26', 10000707, 'L-7'), 
('2025-09-19', 10000708, 'L-7'), 
('2026-09-22', 10000709, 'L-7'), 
('2026-09-17', 10000710, 'L-7'), 
('2025-09-24', 10000711, 'L-7'), 
('2024-09-23', 10000712, 'L-7'), 
('2025-09-25', 10000713, 'L-7'), 
('2026-09-20', 10000714, 'L-7'), 
('2025-09-24', 10000715, 'L-7'), 
('2026-09-21', 10000716, 'L-7'), 
('2024-09-30', 10000717, 'L-7'), 
('2026-09-21', 10000718, 'L-7'), 
('2026-09-24', 10000719, 'L-7'), 
('2025-09-17', 10000720, 'L-7'), 
('2024-09-30', 10000721, 'L-7'), 
('2026-09-20', 10000722, 'L-7'), 
('2025-09-18', 10000723, 'L-7'), 
('2024-09-29', 10000724, 'L-7'), 
('2026-09-26', 10000725, 'L-7'), 
('2026-09-19', 10000726, 'L-7'), 
('2024-09-26', 10000727, 'L-7'), 
('2026-09-22', 10000728, 'L-7'), 
('2024-09-23', 10000729, 'L-7'), 
('2024-09-30', 10000730, 'L-7'), 
('2025-09-19', 10000731, 'L-7'), 
('2026-09-29', 10000732, 'L-7'), 
('2025-09-26', 10000733, 'L-7'), 
('2024-09-20', 10000734, 'L-7'), 
('2025-09-30', 10000735, 'L-7'), 
('2024-09-29', 10000736, 'L-7'), 
('2025-09-30', 10000737, 'L-7'), 
('2025-09-15', 10000738, 'L-7'), 
('2026-09-29', 10000739, 'L-7'), 
('2025-09-26', 10000740, 'L-7'), 
('2025-09-30', 10000741, 'L-7'), 
('2024-09-24', 10000742, 'L-7'), 
('2024-09-22', 10000743, 'L-7'), 
('2025-09-27', 10000744, 'L-7'), 
('2026-09-23', 10000745, 'L-7'), 
('2026-09-22', 10000746, 'L-7'), 
('2026-09-25', 10000747, 'L-7'), 
('2026-09-17', 10000748, 'L-7'), 
('2026-09-22', 10000749, 'L-7'), 
('2025-09-16', 10000750, 'L-7'), 
('2025-09-27', 10000751, 'L-7'), 
('2025-09-18', 10000752, 'L-7'), 
('2025-09-15', 10000753, 'L-7'), 
('2026-09-21', 10000754, 'L-7'), 
('2026-09-21', 10000755, 'L-7'), 
('2025-09-25', 10000756, 'L-7'), 
('2026-09-23', 10000757, 'L-7'), 
('2025-09-27', 10000758, 'L-7'), 
('2026-09-23', 10000759, 'L-7'), 
('2024-09-30', 10000760, 'L-7'), 
('2026-09-17', 10000761, 'L-7'), 
('2024-09-28', 10000762, 'L-7'), 
('2026-09-30', 10000763, 'L-7'), 
('2026-09-27', 10000764, 'L-7'), 
('2024-09-25', 10000765, 'L-7'), 
('2024-09-22', 10000766, 'L-7'), 
('2025-09-16', 10000767, 'L-7'), 
('2026-09-15', 10000768, 'L-7'), 
('2024-09-22', 10000769, 'L-7'), 
('2025-09-26', 10000770, 'L-7'), 
('2026-09-26', 10000771, 'L-7'), 
('2026-09-17', 10000772, 'L-7'), 
('2025-09-26', 10000773, 'L-7'), 
('2025-09-25', 10000774, 'L-7'), 
('2026-09-26', 10000775, 'L-7'), 
('2026-09-15', 10000776, 'L-7'), 
('2026-09-19', 10000777, 'L-7'), 
('2026-09-18', 10000778, 'L-7'), 
('2025-09-21', 10000779, 'L-7'), 
('2026-09-17', 10000780, 'L-7'), 
('2024-09-20', 10000781, 'L-7'), 
('2025-09-30', 10000782, 'L-7'), 
('2024-09-23', 10000783, 'L-7'), 
('2026-09-18', 10000784, 'L-7'), 
('2024-09-29', 10000785, 'L-7'), 
('2025-09-26', 10000786, 'L-7'), 
('2025-09-24', 10000787, 'L-7'), 
('2026-09-26', 10000788, 'L-7'), 
('2025-09-19', 10000789, 'L-7'), 
('2024-09-19', 10000790, 'L-7'), 
('2025-09-29', 10000791, 'L-7'), 
('2025-09-21', 10000792, 'L-7'), 
('2026-09-21', 10000793, 'L-7'), 
('2024-09-30', 10000794, 'L-7'), 
('2025-09-17', 10000795, 'L-7'), 
('2025-09-16', 10000796, 'L-7'), 
('2026-09-21', 10000797, 'L-7'), 
('2025-09-17', 10000798, 'L-7'), 
('2024-09-18', 10000799, 'L-7'), 
('2024-09-20', 10000800, 'L-7'), 
('2024-09-25', 10000801, 'L-7'), 
('2024-09-21', 10000802, 'L-7'), 
('2024-09-28', 10000803, 'L-7'), 
('2025-09-26', 10000804, 'L-7'), 
('2025-09-26', 10000805, 'L-7'), 
('2024-09-20', 10000806, 'L-7'), 
('2026-09-18', 10000807, 'L-7'), 
('2024-09-24', 10000808, 'L-7'), 
('2025-09-23', 10000809, 'L-7'), 
('2026-09-20', 10000810, 'L-7'), 
('2024-09-22', 10000811, 'L-7'), 
('2025-09-30', 10000812, 'L-7'), 
('2025-09-19', 10000813, 'L-7'), 
('2026-09-27', 10000814, 'L-7'), 
('2026-09-17', 10000815, 'L-7'), 
('2025-09-29', 10000816, 'L-7'), 
('2025-09-22', 10000817, 'L-7'), 
('2026-09-17', 10000818, 'L-7'), 
('2025-09-22', 10000819, 'L-7'), 
('2025-09-28', 10000820, 'L-7'), 
('2024-09-20', 10000821, 'L-7'), 
('2024-09-30', 10000822, 'L-7'), 
('2025-09-30', 10000823, 'L-7'), 
('2025-09-26', 10000824, 'L-7'), 
('2024-09-22', 10000825, 'L-7'), 
('2026-09-16', 10000826, 'L-7'), 
('2026-09-30', 10000827, 'L-7'), 
('2025-09-30', 10000828, 'L-7'), 
('2026-09-25', 10000829, 'L-7'), 
('2024-09-17', 10000830, 'L-7'), 
('2025-09-23', 10000831, 'L-7'), 
('2025-09-20', 10000832, 'L-7'), 
('2026-09-23', 10000833, 'L-7'), 
('2025-09-16', 10000834, 'L-7'), 
('2026-09-18', 10000835, 'L-7'), 
('2024-09-18', 10000836, 'L-7'), 
('2024-09-16', 10000837, 'L-7'), 
('2026-09-21', 10000838, 'L-7'), 
('2025-09-28', 10000839, 'L-7'), 
('2025-09-26', 10000840, 'L-7'), 
('2026-09-27', 10000841, 'L-7'), 
('2025-09-24', 10000842, 'L-7'), 
('2024-09-21', 10000843, 'L-7'), 
('2024-09-24', 10000844, 'L-7'), 
('2024-09-29', 10000845, 'L-7'), 
('2025-09-27', 10000846, 'L-7'), 
('2025-09-19', 10000847, 'L-7'), 
('2024-09-16', 10000848, 'L-7'), 
('2026-09-25', 10000849, 'L-7'), 
('2024-09-30', 10000850, 'L-7'), 
('2026-09-19', 10000851, 'L-7'), 
('2025-09-16', 10000852, 'L-7'), 
('2024-09-15', 10000853, 'L-7'), 
('2026-09-24', 10000854, 'L-7'), 
('2026-09-30', 10000855, 'L-7'), 
('2024-09-18', 10000856, 'L-7'), 
('2025-09-16', 10000857, 'L-7'), 
('2024-09-15', 10000858, 'L-7'), 
('2025-09-23', 10000859, 'L-7'), 
('2026-09-21', 10000860, 'L-7'), 
('2025-09-20', 10000861, 'L-7'), 
('2026-09-29', 10000862, 'L-7'), 
('2025-09-20', 10000863, 'L-7'), 
('2026-09-30', 10000864, 'L-7'), 
('2026-09-30', 10000865, 'L-7'), 
('2025-09-22', 10000866, 'L-7'), 
('2026-09-20', 10000867, 'L-7'), 
('2026-09-28', 10000868, 'L-7'), 
('2026-09-23', 10000869, 'L-7'), 
('2026-09-18', 10000870, 'L-7'), 
('2024-09-27', 10000871, 'L-7'), 
('2024-09-22', 10000872, 'L-7'), 
('2026-09-27', 10000873, 'L-7'), 
('2024-09-28', 10000874, 'L-7'), 
('2025-09-15', 10000875, 'L-7'), 
('2024-09-17', 10000876, 'L-7'), 
('2026-09-16', 10000877, 'L-7'), 
('2025-09-30', 10000878, 'L-7'), 
('2025-09-25', 10000879, 'L-7'), 
('2025-09-24', 10000880, 'L-7'), 
('2026-09-16', 10000881, 'L-7'), 
('2024-09-29', 10000882, 'L-7'), 
('2026-09-30', 10000883, 'L-7'), 
('2026-09-18', 10000884, 'L-7'), 
('2025-09-23', 10000885, 'L-7'), 
('2025-09-24', 10000886, 'L-7'), 
('2024-09-24', 10000887, 'L-7'), 
('2025-09-22', 10000888, 'L-7'), 
('2025-09-27', 10000889, 'L-7'), 
('2026-09-22', 10000890, 'L-7'), 
('2025-09-19', 10000891, 'L-7'), 
('2024-09-30', 10000892, 'L-7'), 
('2025-09-23', 10000893, 'L-7'), 
('2025-09-19', 10000894, 'L-7'), 
('2024-09-24', 10000895, 'L-7'), 
('2024-09-22', 10000896, 'L-7'), 
('2026-09-30', 10000897, 'L-7'), 
('2026-09-19', 10000898, 'L-7'), 
('2026-09-27', 10000899, 'L-7'), 
('2025-09-20', 10000900, 'L-7'), 
('2026-09-17', 10000901, 'L-7'), 
('2024-09-22', 10000902, 'L-7'), 
('2024-09-26', 10000903, 'L-7'), 
('2025-09-22', 10000904, 'L-7'), 
('2026-09-26', 10000905, 'L-7'), 
('2024-09-23', 10000906, 'L-7'), 
('2025-09-23', 10000907, 'L-7'), 
('2025-09-29', 10000908, 'L-7'), 
('2026-09-18', 10000909, 'L-7'), 
('2025-09-22', 10000910, 'L-7'), 
('2025-09-27', 10000911, 'L-7'), 
('2025-09-28', 10000912, 'L-7'), 
('2024-09-16', 10000913, 'L-7'), 
('2024-09-30', 10000914, 'L-7'), 
('2026-09-23', 10000915, 'L-7'), 
('2025-09-28', 10000916, 'L-7'), 
('2026-09-22', 10000917, 'L-7'), 
('2025-09-21', 10000918, 'L-7'), 
('2024-09-16', 10000919, 'L-7'), 
('2025-09-27', 10000920, 'L-7'), 
('2026-09-19', 10000921, 'L-7'), 
('2025-09-27', 10000922, 'L-7'), 
('2026-09-18', 10000923, 'L-7'), 
('2026-09-25', 10000924, 'L-7'), 
('2025-09-20', 10000925, 'L-7'), 
('2026-09-20', 10000926, 'L-7'), 
('2024-09-29', 10000927, 'L-7'), 
('2025-09-20', 10000928, 'L-7'), 
('2025-09-30', 10000929, 'L-7'), 
('2025-09-22', 10000930, 'L-7'), 
('2024-09-15', 10000931, 'L-7'), 
('2026-09-20', 10000932, 'L-7'), 
('2026-09-20', 10000933, 'L-7'), 
('2026-09-16', 10000934, 'L-7'), 
('2026-09-20', 10000935, 'L-7'), 
('2024-09-23', 10000936, 'L-7'), 
('2024-09-24', 10000937, 'L-7'), 
('2024-09-27', 10000938, 'L-7'), 
('2025-09-28', 10000939, 'L-7'), 
('2024-09-27', 10000940, 'L-7'), 
('2024-09-22', 10000941, 'L-7'), 
('2026-09-26', 10000942, 'L-7'), 
('2026-09-15', 10000943, 'L-7'), 
('2026-09-30', 10000944, 'L-7'), 
('2026-09-16', 10000945, 'L-7'), 
('2024-09-30', 10000946, 'L-7'), 
('2025-09-20', 10000947, 'L-7'), 
('2025-09-30', 10000948, 'L-7'), 
('2026-09-15', 10000949, 'L-7'), 
('2026-09-28', 10000950, 'L-7'), 
('2025-09-30', 10000951, 'L-7'), 
('2026-09-16', 10000952, 'L-7'), 
('2026-09-24', 10000953, 'L-7'), 
('2026-09-24', 10000954, 'L-7'), 
('2026-09-21', 10000955, 'L-7'), 
('2024-09-25', 10000956, 'L-7'), 
('2025-09-20', 10000957, 'L-7'), 
('2026-09-17', 10000958, 'L-7'), 
('2025-09-30', 10000959, 'L-7'), 
('2026-09-26', 10000960, 'L-7'), 
('2024-09-19', 10000961, 'L-7'), 
('2024-09-28', 10000962, 'L-7'), 
('2024-09-20', 10000963, 'L-7'), 
('2026-09-20', 10000964, 'L-7'), 
('2024-09-23', 10000965, 'L-7'), 
('2026-09-28', 10000966, 'L-7'), 
('2026-09-18', 10000967, 'L-7'), 
('2026-09-23', 10000968, 'L-7'), 
('2024-09-22', 10000969, 'L-7'), 
('2026-09-28', 10000970, 'L-7'), 
('2026-09-15', 10000971, 'L-7'), 
('2026-09-18', 10000972, 'L-7'), 
('2025-09-17', 10000973, 'L-7'), 
('2026-09-29', 10000974, 'L-7'), 
('2026-09-15', 10000975, 'L-7'), 
('2025-09-16', 10000976, 'L-7'), 
('2024-09-28', 10000977, 'L-7'), 
('2025-09-21', 10000978, 'L-7'), 
('2025-09-20', 10000979, 'L-7'), 
('2026-09-27', 10000980, 'L-7'), 
('2024-09-21', 10000981, 'L-7'), 
('2026-09-18', 10000982, 'L-7'), 
('2026-09-26', 10000983, 'L-7'), 
('2025-09-16', 10000984, 'L-7'), 
('2025-09-24', 10000985, 'L-7'), 
('2024-09-27', 10000986, 'L-7'), 
('2024-09-29', 10000987, 'L-7'), 
('2026-09-28', 10000988, 'L-7'), 
('2024-09-28', 10000989, 'L-7'), 
('2024-09-21', 10000990, 'L-7'), 
('2026-09-29', 10000991, 'L-7'), 
('2026-09-25', 10000992, 'L-7'), 
('2024-09-16', 10000993, 'L-7'), 
('2025-09-26', 10000994, 'L-7'), 
('2025-09-21', 10000995, 'L-7'), 
('2025-09-24', 10000996, 'L-7'), 
('2025-09-27', 10000997, 'L-7'), 
('2024-09-20', 10000998, 'L-7'), 
('2026-09-23', 10000999, 'L-7');